NO.,name,quota,usage
1,g4ytmnzsgige,1310608566,3930
2,gy2dcmjzgige,1288586594,3906
3,g42teojqhege,1263187734,3906
4,gm3dkgenesis,898413774,3630
5,gm4tgmrxgyge,644341554,4158
6,eparticlectr,635278430,2996
7,eosdaytrader,633092071,3814
8,alibabajiang,592122835,3574
9,daverexchain,519545747,3446
10,daverexblock,512978189,3574
11,wwwzhongone1,500000011,3686
12,guytgnzxg4ge,490334838,4722
13,bijingaaaaaa,473062582,4414
14,ge4tiobsgqge,458947960,3582
15,g44tamzvguge,450293241,3734
16,kedartheiyer,418183559,4854
17,eosramdealer,391714245,3446
18,ha4dsnqgenes,371121046,3582
19,eoskkkkkkeos,361481231,4406
20,prochaintech,347697807,2996
21,4413312wuszt,343141001,3446
22,hazdgmjwguge,284808440,3582
23,eospocketwzg,228353717,3478
24,haydoojqgmge,205064536,3614
25,gu2tomryg4ge,204183650,4494
26,ge4tqnjuguge,204144490,3446
27,foobarfoobar,203171582,3734
28,eosshijiebei,199160591,3726
29,g43tmnzzhege,199111622,4238
30,haztcnbqgmge,192323514,4174
31,rammmmmmmmmm,189029942,3124
32,gm4tcoigenes,171757685,3686
33,gy3damrrgqge,170976357,4174
34,eoswuyanvvvv,170752982,3446
35,gy3dcobxgmge,154389560,4046
36,123eoswuchao,151884238,3574
37,gyyagenesis1,147989496,3590
38,cosplaystore,146031682,3686
39,heydkobxgage,138031606,3734
40,gezdanbwg4ge,133051434,4852
41,g4ztonzyhage,130061958,8342
42,liguojun1111,126552740,3574
43,eosnationftw,125117103,4545
44,eoszhoudc123,123999077,3124
45,geztoojrgage,120746207,3814
46,prospectors1,117321624,4062
47,woshilucifer,115998323,3446
48,ha3tsnzzhege,113801400,195508
49,eoszxwanoeos,111308287,3574
50,ha4tgnbug4ge,109570558,4182
51,eosdabestboi,107515014,3574
52,geytemjvgyge,106204183,210500
53,gy4tembvgege,106187680,4350
54,gezdenjsgige,104891028,3814
55,gm4temjxg4ge,98540208,3454
56,gyzdcnjxg4ge,97963587,3638
57,eosxiangtian,97174608,4046
58,eostopdotone,96827758,3582
59,heibai111111,96456247,3574
60,tangzhs12345,95363029,3478
61,zhaoyue12345,92442086,2996
62,haytsobzgege,91266084,3718
63,hazdgojrgage,88857772,4910
64,g2wraavcjk2d,86804861,3574
65,eosiosg11111,85571385,3896
66,zhoujiandang,82461563,3614
67,gu4tmmjugege,82433233,4230
68,gm3taojqgage,80749672,3614
69,ikuwaraoneos,79871221,3574
70,tommytpeosio,79852879,3734
71,gyzdanzqgage,78189141,5282
72,liufan111111,72925254,3574
73,gu3donzygmge,70665073,3622
74,gu4dcmrsgege,68219137,3786
75,redsungkorea,68083979,3558
76,tokeneconomy,65702774,3574
77,gm3tgobuhage,65541361,4322
78,eosiomeetone,65348115,3446
79,g4ydomzzhege,64771090,4414
80,zhouminxiong,63628080,3654
81,gu4tknbrguge,63249805,4346
82,gq2dinjqhege,62856703,3758
83,123321eos555,60965611,3574
84,eoscafegames,59470141,3446
85,haydamjugyge,59284525,4130
86,g44dqnygenes,59089153,3814
87,ge2dinbvhege,57920348,3998
88,gm4tmmigenes,57514349,4174
89,stanislaus15,55392948,3574
90,gu3teobsgige,55232995,24250
91,gqytqobqgene,54358363,8080
92,dapang511511,52469435,3774
93,giytenrsgmge,51590504,3622
94,eosdebitcard,51440484,3446
95,zoooomzoooom,51089148,4218
96,gqzdmojxgmge,49072278,3922
97,thedeosgames,48189109,3574
98,ha4dqnbxhege,48047915,3446
99,gq4tcnygenes,47041754,4146
100,eostopone123,46335249,3574
101,gm3tonrzhege,45992590,3906
102,libertyblock,45745329,4392
103,5zhongnanhai,45392674,3574
104,hezdemrwgige,44937240,3694
105,jbeosaccount,44679939,3574
106,gyzdcnbzhege,44619917,3534
107,wodeeoslanbo,44393204,3574
108,lintong12345,41825373,3446
109,222222dragon,41271966,4174
110,eoseouldotio,40875994,3997
111,gy2denbsgmge,40508803,4254
112,eosforeveryr,40230491,3124
113,bitmainrocks,40227157,2996
114,gu4dgmrzhege,40198612,4174
115,gm4tqnbsgene,40190473,4182
116,creativedev1,40170231,3446
117,ha3tiojxgage,40168528,4338
118,haytsnbrhage,40120547,3854
119,ha3tonzxgqge,39820266,4762
120,gyztcmztgmge,39653578,4238
121,luluqianbao5,39446181,3446
122,lixingyan121,39282310,3574
123,horustokenio,38881376,3446
124,eoscafedrink,38651849,3446
125,eoscafeworks,38651793,3446
126,eoscafesugar,38651739,3446
127,ha2doojxgege,38107918,7134
128,g43timrxgige,37772558,3814
129,2.33233E+11,37391789,5446
130,haytqnzyg4ge,36972375,3582
131,eosyetaraszz,36246708,3574
132,eoscafechain,35605005,3446
133,zhangfamily1,35017674,3574
134,ha2temjyhage,34409445,5730
135,hazdenjzhage,34283844,3638
136,bitcoinkorea,34042725,3582
137,hazdcnrxgege,34019943,3846
138,gy2doojqgmge,34017388,3974
139,hazdcnrwg4ge,33973141,3846
140,gy2doobvgyge,33969708,3974
141,hazdcnzsgege,33926443,3846
142,gy2doobugyge,33922128,3974
143,gy2doobtgyge,33879828,3846
144,gy2doobvguge,33874647,3974
145,eosdactokens,33856274,21492451
146,hazdcnrygage,33833333,3846
147,hazdcnrygege,33827275,3974
148,hazdcnrzgige,33779993,3974
149,hazdcnrsguge,33749538,3926
150,hazdcnzug4ge,33740598,3846
151,gy2doobwguge,33732803,3846
152,gy2doojrgmge,33694371,3846
153,gy2doobvhege,33685720,3974
154,gy2doobxgige,33638735,3974
155,hazdcnrvgege,33602247,3846
156,hazdcnzuhage,33556322,3846
157,ha3tkmzxgene,33529946,3826
158,hazdcnrrg4ge,33510485,3846
159,hazdcnrwgmge,33464749,3846
160,gy2doobuhage,33419081,3846
161,gy2doobzgyge,33373521,3846
162,hazdcnrygqge,33328077,3846
163,gy2doojrgege,33282712,3846
164,hazdcnrshage,33247044,3686
165,hazdcnzqgige,33201873,3686
166,hazdcnrrhage,33156796,3686
167,hazdcnrvgige,33111797,3686
168,gy2doojqhage,33066890,3686
169,hazdcnrxgqge,33022099,3686
170,gy2doobygege,32977383,3686
171,hazdcnztgige,32932749,3686
172,gy2doobwhege,32888203,3686
173,gy2doobugige,32843749,3686
174,hazdcnrtgqge,32799314,3686
175,gy2donzxgige,32755057,3686
176,gu3dsnrzgqge,32724007,13814
177,hazdcnrwgyge,32710905,3686
178,guztsnrsgmge,32666826,3686
179,hazdcnryguge,32622851,3686
180,gy2doojrguge,32578954,3686
181,gy2doojugige,32535142,3686
182,gy2doojrhage,32491425,3686
183,gy2doobxg4ge,32447804,3686
184,gy2doojsguge,32404262,3686
185,hazdcnrtgage,32360826,3686
186,hazdcnzugige,32323956,3686
187,gy2doobyg4ge,32280669,3686
188,gy2doobygage,32237436,3686
189,gy2doobygmge,32194326,3686
190,ge2tsmbug4ge,32158645,8166
191,gy2doojtgyge,32151311,3686
192,gy2donzyhage,32108383,3686
193,hazdcnzugqge,32065550,3686
194,hazdcnzrgyge,32022788,3686
195,gy2doobxhage,31980114,3686
196,hazdcnrthage,31937525,3686
197,gy2doobygyge,31895022,3686
198,gy2doojrgyge,31852614,3686
199,gy2doojthege,31810283,3686
200,haytanbsgege,31767998,3686
201,hazdcnzsgmge,31725838,3686
202,gy2doobvgmge,31683762,3686
203,gy2doojugqge,31641765,3686
204,hazdcnrvg4ge,31599868,3686
205,gy2doojshege,31558034,3686
206,hazdcnzvgyge,31502603,3686
207,guytonbqgage,31460978,3686
208,haydkmjxg4ge,31419425,3686
209,hazdcnztgmge,31377953,3686
210,gm3dsnbxgage,31336566,3686
211,hazdcnzqgqge,31295274,3686
212,hazdcnryhege,31254064,3686
213,hazdcnrqguge,31212944,3686
214,hazdcnzvgage,31171895,3686
215,hazdqmjqgige,31161587,4146
216,hazdcnryhage,31130932,3686
217,hazdcnrxgmge,31090057,3686
218,gy2doobugmge,31049228,3686
219,gy2donzyguge,31008516,3686
220,gy4tcojzgage,30967890,3686
221,hazdcnzugege,30927346,3686
222,gy2doobthege,30888261,3686
223,gy2doobvhage,30847870,3686
224,gy2doobyguge,30807559,3686
225,gy2doobzgmge,30767322,3686
226,gy2doobvgage,30727171,3686
227,gy2doobxhege,30687079,3686
228,haydkmjyhage,30647088,3686
229,gi4tgmbqgyge,30607162,3686
230,haydkmjygege,30567315,3686
231,hazdcnrzguge,30527569,3686
232,hazdcnrxgage,30487888,3686
233,hazdcnruhage,30448285,3686
234,gy2doobvgige,30408756,3686
235,hazdcnrsgqge,30369317,3686
236,hazdcnztgege,30329953,3686
237,gy2doobzgqge,30290660,3686
238,oldseaeos123,30287812,3814
239,g44dmnztgmge,30284247,41837
240,acquaintance,30278956,2996
241,eosnowbanker,30262893,201822
242,hazdcnrwgqge,30251452,3686
243,haytanbtgige,30212314,3686
244,hazdcnrzgmge,30173253,3686
245,gy3tsnbzguge,30156991,4090
246,gy2doobvgege,30134248,3686
247,hazdcnrwhage,30095349,3686
248,hazdcnrqg4ge,30052639,3686
249,gy3timzvgqge,30023320,4086
250,gy2doojtgige,30013891,3686
251,g44timrqg4ge,29990814,4174
252,hazdcnrugage,29975234,3686
253,eosisperfect,29937298,3686
254,gy2donzwhege,29936630,3686
255,gy2doobzgege,29898110,3686
256,hazdcnjzguge,29859640,3686
257,hazdcnrvgage,29821277,3686
258,valuenetwork,29644750,3328
259,g4ydcnrqgege,29512869,195124
260,eosmarketone,28691858,3774
261,oraclegogogo,27864476,4718
262,genereoscoin,27707248,2996
263,gu4tgnbrgyge,27678777,4174
264,worldbankeos,27320603,4174
265,gu4tmnbvgyge,27203469,3742
266,foodfoodfood,26987402,4214
267,hazdemjugege,26934490,4166
268,gy2doojzgege,26399393,4050
269,gy3tamjthege,26360631,3526
270,eoscafetoken,26176192,3574
271,commmmmmmmmm,25693810,4182
272,eoscafedapps,25448306,3446
273,eoscafestore,25448296,3446
274,eoscafebloks,25448285,3446
275,eos111eos555,25301569,4174
276,godyemen2411,25112209,3574
277,romaromaroma,24740856,3574
278,histographer,24681269,3574
279,eoscctv11111,24522242,3734
280,gyztomjugage,23975107,23770068
281,eosnationair,23828185,3446
282,gq4daobrguge,23813547,3814
283,ha3denryhege,23519791,3574
284,g4ydinjygage,23273785,3582
285,gy4dinjxgege,23051412,3846
286,eosadddddddd,22801610,20899263
287,gqytaojvgmge,22735032,3814
288,eosgogogogo1,22601496,3686
289,g43damygenes,22459639,5994
290,gi3taoigenes,22386119,4350
291,eoszidonghua,22256490,4422
292,heydoobyg4ge,21850592,4744
293,gyzdmnbtgmge,21346311,4918
294,52aixuanxuan,21046979,3734
295,cobowalletio,20912565,9726
296,eoschinese15,20875496,3574
297,zhongqinxing,20860426,3638
298,eosforthewin,20734010,3446
299,gy2denbwhage,20727090,3814
300,eoskekoukele,20679980,3574
301,magonglei111,20475671,3446
302,haztamrtgqge,20466271,3526
303,gzeosbankgoo,20134387,3574
304,ge2dsmbqgene,20101604,10094
305,ha4tcnjuhege,20100416,3582
306,tianqinyingq,20032022,3734
307,likunyingeos,19761754,3646
308,12123wsmzcre,19740081,3574
309,haytiojzg4ge,19700445,3846
310,sdgfh42145gj,19690566,3686
311,haytkmbsgyge,19686058,3846
312,haytkmbtgage,19671680,3846
313,haytiojzhage,19652333,3686
314,gy3demzqhage,19628576,3846
315,haytiojygage,19614255,3846
316,haytiojwgage,19599966,3846
317,gy3demzvhage,19585691,3846
318,gy3demrwgmge,19571428,3846
319,haytkmbugege,19557179,3846
320,gy2doobygige,19556014,46214
321,gy3demzthege,19542933,3846
322,haytiobyhege,19528708,3846
323,haytkmbvhage,19500340,3846
324,gy3demzqg4ge,19486174,3846
325,haytkmbsguge,19477215,3974
326,haytiojrgmge,19472020,3846
327,gy3demzygmge,19457889,3846
328,haytkmbrhage,19443752,3846
329,gy3demzvgage,19439253,3686
330,haytiobyguge,19425145,3686
331,hezdomzvgyge,19418016,5357
332,gy3demrvgqge,19417049,4294
333,haytkmbtgqge,19411077,3686
334,haytiojygyge,19402506,3974
335,gy3demzxgage,19397015,3686
336,gy3demruhege,19387974,3974
337,haytiojxhege,19382956,3686
338,haytiojrgyge,19373458,3974
339,haytiojzgqge,19368933,3686
340,haytiobzgege,19358966,3974
341,haytkmbugqge,19354926,3686
342,gy3demzxgige,19344488,3974
343,haytiojugqge,19340934,3686
344,haytiobwgige,19330028,3974
345,gy3demzrhage,19326950,3686
346,haytkmbqgige,19315582,3974
347,gy3demzugege,19312989,3686
348,haytkmbsgmge,19301153,3974
349,haytiojrgage,19299037,3686
350,haytiojqg4ge,19286742,3974
351,gy3demrxgqge,19285107,3686
352,sheosgoddess,19275296,3582
353,haytiojwguge,19271193,3686
354,haytiojvgyge,19257285,3686
355,gy3demzugqge,19243402,3686
356,haytiojrhege,19229512,3686
357,haydkmjxhage,19215636,3686
358,haytkmbwhage,19201801,3686
359,haytiobyhage,19187972,3686
360,haydkmjvg4ge,19174147,3686
361,heztmnjvgene,19167132,3486
362,haytiobygyge,19160344,3686
363,haytkmbuhege,19146554,3686
364,gy3demzxgege,19132792,3686
365,gy3demrvhege,19118896,3686
366,gy3demzyguge,19105164,3686
367,gy3demrwguge,19091448,3686
368,haydkmjvgige,19077745,3686
369,haytiojugage,19064055,3686
370,haytkmbthage,19050356,3686
371,gy3demzwg4ge,19036686,3686
372,haytkmbug4ge,19023046,3686
373,gy2doojugyge,19009396,3686
374,haytiojrg4ge,18995781,3686
375,gm2tsmrzgene,18986041,317430
376,haytkmbqgqge,18982186,3686
377,haytiojxgqge,18968605,3686
378,haytkmbwgmge,18955039,3686
379,haytiobzgige,18941488,3686
380,gy3demrvg4ge,18927950,3686
381,haytiobzhege,18914430,3686
382,gy2doojtg4ge,18900913,3686
383,haytkmbqgege,18887425,3686
384,haytiojrguge,18875673,3686
385,gy3demzwgige,18861922,3686
386,haytkmbtguge,18848459,3686
387,haytiojwgyge,18834998,3686
388,gy3demztgyge,18821571,3686
389,haytkmbsgige,18808165,3686
390,haytiojyguge,18794774,3686
391,heytcojtgqge,18775463,4198
392,gy3demzyhage,18768045,3686
393,haytiojvguge,18754688,3686
394,haytiojqgage,18741357,3686
395,haytkmbvguge,18728025,3686
396,haydgnrzhage,18716527,4834
397,gy3demzwgqge,18701420,3686
398,haytiojugege,18688131,3686
399,haytkmbsgege,18674870,3686
400,haytkmbvgqge,18661624,3686
401,haytkmbrgage,18648393,3686
402,haytiojzgege,18621933,3686
403,haytiobygage,18608731,3686
404,haydkmjwgage,18595557,3686
405,gu4tgnbvgege,18592433,3598
406,haytiojxhage,18582400,3686
407,gy2doojtgage,18543004,3686
408,gy2doojsgyge,18529902,3686
409,haytkmbugyge,18516801,3686
410,haytiojzgmge,18503708,3686
411,haytiobzgmge,18490635,3686
412,haytiobxhege,18477570,3686
413,gy3demrxgige,18464517,3686
414,gy2doojugmge,18451491,3686
415,haytkmbwgige,18438490,3686
416,haytiojxgige,18425480,3686
417,gy3demzuhage,18412482,3686
418,haytkmbqg4ge,18399515,3686
419,haytiojvhege,18386562,3686
420,haytiojqhege,18373628,3686
421,gy3demrwgyge,18360709,3686
422,gy3demzrhege,18347805,3686
423,ge3danjwgyge,18344970,4454
424,haytkmbvgege,18334914,3686
425,haytiojxgege,18298379,3686
426,gy3demzvgqge,18285543,3686
427,haytkmbvgage,18272720,3686
428,gy2doobzgige,18260192,3814
429,heydsojsgene,18132602,3814
430,gezdkobvgene,18119614,4678
431,gmzdinjwgege,18119477,3814
432,gi2tinrsgege,18037529,4602
433,gm4tomrrgmge,18002944,4242
434,gi4dsmbxgige,17978248,3454
435,eos234234234,17913611,3574
436,eosriobrazil,17542627,4983
437,geydeojsgage,17309011,3574
438,haztamzwg4ge,16922460,4682
439,gy2tgmbtg4ge,16577157,3814
440,vosvosvosvos,16497719,195300
441,gyydoojzgige,16435247,9138
442,haytinjwgege,16431163,196028
443,eosdevelopor,16236203,3574
444,guztamjwgqge,16191509,4994
445,giytgnbtgene,16190403,4342
446,ha2dgnrshage,16008822,8554
447,g43dgnjzgyge,15931655,4142
448,heztimzsgene,15788756,4914
449,g43timbuhege,15336375,3454
450,g4zdinjrg4ge,15004703,3914
451,hellobeijing,14947906,3574
452,gqytiobtgage,14354804,3814
453,gi4dcnbug4ge,14326023,7702
454,haytqnrugmge,14013437,3758
455,yingyingying,13888699,2996
456,lilinsh11111,13206257,4494
457,qpalzmwoskxn,13195276,4174
458,gyztgnzqgige,13191207,6350
459,gyytsnrxhege,12886933,3982
460,ingrapefruit,12861150,3574
461,gq4teobugage,12860837,3574
462,ha3dgnzxgmge,12783648,4246
463,lilei5555555,12716153,214564
464,gu3tmmbwgage,12704426,4414
465,gq3dmobygege,12610299,4378
466,daverexlambo,12587087,4445
467,eosdacstaked,12176279,4735694
468,zhoumale2222,12066084,3446
469,gy2tcnrtgmge,11903113,4350
470,gmydsmbrguge,11478676,3598
471,appleping333,11437767,3574
472,earlyadopter,11250590,3478
473,gyytsnbvgege,11249248,3814
474,ge3tiobqhege,11192594,11142
475,zhongguoeos1,11172013,3574
476,guoliangxxxx,11167377,3574
477,rotorstudios,11131509,3028
478,g43tinjvg4ge,11040580,6889
479,eosleokingil,11003574,3574
480,heydsnrwguge,10971992,4198
481,gq4tsnzugyge,10958930,4278
482,eossyseossys,10808974,4174
483,eossuperemei,10622896,196028
484,gqytgnbrgige,10561342,3574
485,danielklose1,10412533,3574
486,gy4dqmjvg4ge,10390083,3654
487,ge3tmobwhege,10342059,6610
488,fivefiveopen,10308169,3574
489,gu3tombygige,10301743,4434
490,gu2damjqgege,10120369,4418
491,wecanforever,10107677,4262
492,g4zdenbvgmge,10078718,4414
493,hezdqmbxhage,10071940,5522
494,eosfund23333,10062013,3328
495,g44tsmbrhage,10058812,3454
496,myeostokenxx,9932473,3598
497,changshi2555,9877034,4046
498,g43dkmjrgmge,9861687,8610
499,g42teojvgmge,9842646,4342
500,gqydooigenes,9762404,199196
501,hashuntertp1,9755599,3124
502,geztsojugige,9699115,4514
503,1234eos12345,9600454,3454
504,xiaoyangmooo,9317322,4046
505,renwangpurse,9166741,3446
506,haztonzrgene,9156105,3574
507,jazzboscuzzy,9073867,3814
508,gmytanzvgene,9011148,4286
509,eosdaredevil,9006888,3614
510,xiaozhubaoba,8913781,3574
511,heytgmjwguge,8854088,3830
512,eosknightsio,8608280,3574
513,gu2timzthage,8499151,9398
514,vibraniumpen,8358667,3574
515,heydemzwgige,8337471,4174
516,pzj555555555,8326943,3974
517,eosjerryhuff,8191167,3446
518,gq4dqnrzgige,8171409,6424
519,zjuncleuncle,8038940,4454
520,gq3temjzhage,8029810,4174
521,gqzdmmrtgige,7938870,3686
522,chainexcloud,7609587,3846
523,redsungseoul,7545384,3446
524,minhua122455,7495937,194780
525,heytmmrqhege,7360094,6926
526,zhangpengxxx,7252944,4174
527,5.55556E+11,7106730,4174
528,g44tonzugqge,7069747,5514
529,larosenonaka,6979438,3574
530,lbhrprisoner,6958573,3574
531,ednazztokens,6902764,693956
532,wwwatidiumio,6897736,3124
533,ha3tknzwgege,6873948,3694
534,g42dqojtgege,6830150,3446
535,gy4donbugmge,6775712,5062
536,wudibawang12,6603183,3446
537,haydcnrugige,6571903,4054
538,gyytmobxgmge,6518348,3778
539,g44damzqhage,6515715,3694
540,ha4teojrgage,6466977,3446
541,g42tmnjrgege,6397002,4930
542,rick4meetone,6371062,3574
543,gu3dsnzshege,6370005,3446
544,gy2teobsguge,6273893,3702
545,heztcmzsgege,6208578,4550
546,gu3tmnrxgqge,6174838,3774
547,gq3dsnjqgyge,6152535,6022
548,ha3tqmbrguge,6061505,4530
549,newt2222xxxx,6054655,3862
550,eosknightscd,6034704,3574
551,gateiowallet,6019741,21492
552,ha3dsmmlgage,5993272,3574
553,ha4dknzxgene,5960572,3782
554,eosiowindows,5926360,3574
555,12diwangxing,5888425,4334
556,g4zdaojqg4ge,5863959,3814
557,geytqnzuguge,5820118,4134
558,eoswujunwjl1,5809015,4198
559,hezdsobyguge,5652988,5022
560,g4ztonbtgage,5553259,3814
561,haydamjrguge,5533349,4046
562,abcdefuvwxyz,5479449,195352
563,giytambvgage,5457968,3574
564,myeosio12345,5423016,3574
565,eosecoeoseco,5401505,4018
566,gm2tkmbyguge,5360856,4182
567,gyztanjvguge,5349035,4238
568,deepwisdomna,5160039,4294
569,jingege11eos,5110130,3582
570,guzdsmjugege,5043064,4806
571,legaoeoswal1,5029234,3446
572,taozhu123455,4974957,3582
573,myeostokendd,4909997,3446
574,tokenatokens,4872420,3574
575,gi2dimzsguge,4870895,4118
576,gu2tqmzugyge,4854789,7678
577,gu3timbthege,4762927,4542
578,chachiloveos,4754365,3574
579,gyztkobugyge,4737060,3606
580,gu4tomjrgege,4694953,3478
581,tanzhimineos,4691534,4262
582,gm3tknrrgqge,4365604,3814
583,linjie123455,4344775,3124
584,mynameistoby,4336519,4363
585,fadacai12345,4322148,3446
586,ieosblochain,4309185,3574
587,12345liuwenz,4282183,3574
588,xiaoheiheiye,4222406,4174
589,ha4tmnzxgqge,4195769,59070
590,deniscarrier,4193821,3574
591,eosjiang1235,4125312,4174
592,zhongyihappy,4110000,3574
593,eosxjbgogogo,4087948,3574
594,eoxeoxeoxeox,4082581,864228
595,g44taojqgmge,4064806,3862
596,g44dqnzrgige,4061908,3574
597,ha3taobzhege,4034914,3654
598,geztmnbugige,4018763,100794
599,dayouzi12345,4006263,3574
600,moonmoonmoon,3995915,3574
601,g44tinrzgqge,3985563,3986
602,guzdambsguge,3978240,3814
603,zzzzzzzzzz55,3977085,3574
604,g4ydamjrgege,3902975,3710
605,iamatraveler,3902921,3630
606,eosnewdawn12,3898522,3240882
607,huakai123123,3851838,3574
608,angel1111111,3830542,4174
609,wangliusen52,3787508,3574
610,kynehuangeos,3744138,3574
611,1loveusomuch,3690195,3574
612,gu4temrrgqge,3689578,5018
613,hellolena123,3683636,3574
614,gu2tsnrvgqge,3632278,3574
615,g43tsmjqgage,3604813,4414
616,peter11peter,3581314,3574
617,superstartop,3535868,3446
618,5555ssss5555,3511682,3766
619,mycamphor111,3507083,3582
620,gi4tsobrgene,3493470,3734
621,dagudadaguda,3412325,4666
622,gm4tmnryguge,3406547,3622
623,beijingimeos,3349192,3446
624,heytknrvguge,3307838,4840
625,eosnickszabo,3295792,3446
626,ieos4tianium,3252278,3574
627,vwgumvhjzkvn,3162302,3686
628,otcbtcdotcom,3070441,26694
629,guydombqhege,3068124,3574
630,gi3dcnbyhage,3025669,3798
631,12345liangsg,3021473,3446
632,chriskhaneos,3017360,3574
633,gy2dcmbsgage,3003596,4066
634,eosdgameplay,2937874,4486
635,gu4tcobsg4ge,2935910,7130
636,takeshiliang,2918045,3446
637,li1122334455,2874491,3574
638,gqytqmbxgyge,2833400,3854
639,hezdonzsgmge,2776815,9645
640,jeep11223345,2762292,3590
641,gy3dcmbrhege,2714325,4046
642,ha3tgmjrguge,2636116,3606
643,gu3tonjsgmge,2604313,4506
644,eos123lpc123,2547709,3446
645,schneebly111,2547484,3454
646,g44dqnzxgyge,2519468,4098
647,gqztamzsg4ge,2503745,4926
648,ha4tqnztgene,2500846,5438
649,airdropforu2,2444996,2996
650,woshizhyidee,2439425,3574
651,internetwork,2426913,3686
652,zzzzzzkkkkkk,2426577,4460
653,eoswalletiog,2405976,3734
654,haztgnrtgige,2402929,3614
655,g44tinzxgmge,2401363,3974
656,g42dmnzsgmge,2397860,3646
657,ge4tonrwgige,2383206,3662
658,ha4dmobqg4ge,2379170,3454
659,g4ydgnbrgage,2367148,3686
660,haydknrrgqge,2361312,3526
661,ha3dqnrwgyge,2307635,3814
662,cryptomancer,2300765,3614
663,gu2dmobvgyge,2296402,3622
664,jamessgh1514,2292252,5750
665,g44timjrgqge,2256564,4578
666,gyytmmbsguge,2232768,3598
667,gqzdsmrzgege,2222708,4190
668,eosnamesshop,2212833,256961
669,asdfghj54321,2199450,3574
670,dopodhdeoseo,2198700,3574
671,tomaseos1234,2197541,3574
672,ha3damzugage,2182507,17914
673,gu4teojugyge,2174114,4046
674,whosyourpapa,2155476,5314
675,g4zdgmbwgmge,2149332,4462
676,haytcmzzgage,2142487,4238
677,gu2tgmzugqge,2125774,4054
678,gq3dinrvgqge,2125348,4658
679,gq2domjzg4ge,2124220,3574
680,geztmnjvgyge,2109536,3582
681,xiaohanl1213,2081999,3446
682,5555yang5555,2063404,3574
683,geztmmjtgege,2053111,4118
684,wuhaishengos,2046978,3574
685,gi4tqobtgige,2044304,4174
686,gyydqnbvgage,2040825,4146
687,ha4dknzzguge,2039736,3630
688,iamchinaeos1,2038848,4570
689,esbcointoken,2037534,194090
690,hahahahahahe,2028052,195540
691,ha3tsmzthage,2023432,3814
692,135dinofffff,2017560,3574
693,catchthestar,2016605,194908
694,g4ztoojwgqge,2013135,4174
695,geztkmbtgege,2007878,3958
696,haydgobygqge,2006227,3574
697,fengweixiang,2005535,3446
698,woshichenyin,2002845,3446
699,gqydoobzgqge,1999174,3830
700,alibabajdeos,1990321,3574
701,qinfeng12345,1983882,2996
702,gm3tcmrzgige,1983102,4578
703,wownumaeosio,1975562,3446
704,5wushangyuan,1948103,3574
705,richrichrich,1941331,3446
706,g44tmmbrgege,1935332,3582
707,gq2dqmbwg4ge,1893069,3574
708,gu3dknbwgige,1883803,3630
709,g43danbugqge,1785158,4718
710,ha3dembzgmge,1750699,3914
711,gq4teojsgyge,1746532,3846
712,g42dqnrsgige,1714587,3814
713,gqztcmrsgyge,1694156,4374
714,theeosbutton,1692451,3700
715,lidongxunzy1,1683076,3574
716,chaoxiaojuan,1658581,17558
717,fifagambling,1632231,699060
718,g42denjrhege,1612016,3582
719,haytknjwhage,1590091,4250
720,33zwj2211lq5,1580037,3574
721,eoslichaoran,1579986,3574
722,he2dsmjugene,1575527,6703
723,hezdanbtgege,1572725,209700
724,gu3dmmbzgige,1513663,4214
725,competetoken,1510386,194164
726,lsjuneos1111,1483937,194932
727,gezdmnbtg4ge,1475706,10838
728,atlantemundo,1473386,3630
729,katzenjammer,1398503,3574
730,heytcojtg4ge,1367464,13254
731,ge3tinjwgage,1356767,9994
732,etwineos1111,1336686,195044
733,alibabatmall,1314733,3124
734,ha2tgobzgege,1257097,3654
735,ge4dimrzgige,1244967,4430
736,superoscandy,1241514,194780
737,gm2tqmrqgege,1232233,3446
738,gm3tcnbvg4ge,1203981,6526
739,heytsnzxg4ge,1194415,6564
740,heztcmjzgqge,1190403,4161
741,heytqnrzgige,1176213,6622
742,12345aabcdef,1160931,3446
743,huanhuangege,1145014,3574
744,gyytqnbxhage,1122830,4706
745,hezdqnzyhage,1109609,4626
746,cryptowizard,1099474,3574
747,octgenerator,1098466,15414
748,sleepforever,1097354,3446
749,dungeonmastr,1095961,3574
750,zhangyu12123,1091763,7078
751,cryptowraith,1078137,3124
752,gmzdcmzvgene,1077683,4346
753,ziweichangak,1074243,3574
754,monstertamer,1071804,3574
755,xujinpingeos,1070353,2996
756,gqydoobygyge,1064100,4402
757,eosfanwenjun,1054858,3806
758,gizdgojvgege,1048984,3814
759,ycheosforzb3,1043298,3124
760,ycheosforzb1,1043296,4180
761,ycheosforzb2,1043296,3236
762,ycheosforzb4,1043294,3124
763,zhuzhuxia123,1041624,3446
764,guztinjuhege,1034682,3974
765,g44tmnzzgmge,1032829,4158
766,geydmmbugene,1030000,3814
767,skullkingdom,1029565,3574
768,gi2dgnjqguge,1026900,3662
769,dragonmaster,1026659,3574
770,otcbtcdotnet,1018840,3124
771,tinyelephant,1016426,4668
772,gm4dqobqgage,1009377,3902
773,g44dsnbqgage,1008356,5078
774,lijianmyeos1,1008257,194908
775,keymankeyson,1004368,4066
776,joshualouise,1002057,3734
777,bostonshrimp,1000000,199456
778,geniusumi111,1000000,3574
779,hanhuiyaoeos,998060,3574
780,gy2damzygige,996223,3782
781,hippopotamus,984087,3124
782,lp3333333333,953522,4046
783,gyzdmnrtgmge,945986,3598
784,wolfwolfwolf,939301,3446
785,amituofo1234,934082,3574
786,g4ztsnjygmge,921900,4334
787,koinbotsteem,918398,5227
788,virtualitems,913182,2996
789,eosgenblockp,901414,3464
790,gyytsnzugige,900725,3574
791,g44dkobtg4ge,897816,3606
792,onechainuser,887399,6294
793,gezdqnrwg4ge,875607,4510
794,haytqnbwgmge,872819,4498
795,prillionaire,866087,4446
796,gu2dmmjzg4ge,865217,4278
797,zhangbiao521,812473,4574
798,haoliangzhan,810113,3446
799,monstereosio,799048,321535
800,pangpanglian,790430,2996
801,lyokpseos521,784143,4046
802,pengjunlin12,773366,3574
803,haydimzsg4ge,770858,195156
804,zmcnotafraid,765483,3734
805,sxsllneosnb1,749073,3574
806,namoamituofo,744448,3574
807,ooooooooo1oo,741166,3574
808,hezdqmrvgmge,740889,3910
809,eosfoundgame,722041,3906
810,gu3tqmzvhage,717426,4750
811,hehaibin1234,672048,3574
812,eosnamedepot,668226,3302
813,gq3domjzgege,665023,3742
814,gi4tanrqhage,664584,3446
815,hezdinjvguge,664028,3454
816,gm2toojvhege,662647,3462
817,gmydqnrrgmge,660099,3446
818,gq2dcmbzgage,660083,3446
819,gqytsmjshage,657600,3446
820,ge4tgmruguge,657591,3478
821,eosawardsorg,655265,536638
822,eosroby11111,644715,4174
823,dangdangdang,643843,2996
824,mikefisher2k,643796,2960
825,hezdonjtgqge,639311,6754
826,333yuzongmei,634534,3718
827,acecaowallet,627977,4174
828,gi2deojrhage,626959,3686
829,ha4demztgage,620810,4558
830,xiaoxiaoxiao,617653,194306
831,eospaygatebp,612790,4286
832,eosvrtokenss,607000,193082
833,gy4donrshege,606716,197916
834,gm2teojvgege,599636,3574
835,aiqinxuancai,593639,3124
836,gmytomjzgege,593413,4774
837,moretop11111,592779,5614
838,heztcmbwguge,580357,3446
839,heztcmbxgmge,580335,3446
840,guzdoobwguge,576072,3454
841,ha4demzwgage,572924,3446
842,gu3tmnzzgege,566106,4734
843,gm2tmojtgene,555998,6594
844,gmzdimrrhege,549118,3574
845,eosnameshops,527670,218634
846,hezdimjxgyge,527290,3686
847,niconiconi51,524295,3582
848,gu3dcobrgqge,523119,4146
849,gu4dqobrgyge,519690,6122
850,heztcmbxgage,514320,3446
851,heztcmbxgqge,514308,3446
852,gi2tanbrgyge,512704,472822
853,eos2romantik,491116,4646
854,ge2dmnzwg4ge,489578,4054
855,leieostoken1,477073,4174
856,haydimjrgmge,475135,4618
857,ha4tkmbugqge,475068,4478
858,eosvrairdrop,474843,146302
859,guztqnrsgqge,474001,4449
860,guzdonrtgmge,463426,4630
861,codydeldietz,460972,3814
862,xyeosyouziqb,457891,3574
863,haztkmruhege,457167,10734
864,chainceout12,447159,3940
865,gm3denbwguge,444619,4306
866,helloworldgo,441870,337154
867,ha3demzug4ge,434624,4414
868,gy4dkmjzhege,429906,16322
869,g44tcnjzgage,429885,4174
870,eosiochaince,428100,194516
871,gm3tonbsg4ge,427795,5061
872,ge3demzugyge,426749,77534
873,haydonjyguge,425516,6364
874,stagexchange,424971,5474
875,gy3tiobsgege,413839,6350
876,duobao111111,411022,271650
877,gi4demrqguge,405636,4446
878,fujundong555,403506,195330
879,eosioprivate,397121,3446
880,gu2tsnbtg4ge,394362,4610
881,eossurenjun5,389438,4062
882,gyytqnzzgige,385140,6126
883,1.12411E+11,382214,3446
884,argentinaeos,381206,4147
885,gmytanzzguge,374276,4678
886,gi3timbzhage,373979,3726
887,g43tombxgmge,371399,5578
888,gy2dkmrvhege,366533,3962
889,joeljoeljoel,364475,4294
890,haytkobwhage,363118,6350
891,userexchange,362274,3124
892,eosnewdawn11,357479,337610
893,gyztcmrvgqge,356681,3914
894,g44tcnjvhege,355731,4046
895,gu3tenzygene,354426,3686
896,opcheese1234,353985,3124
897,giytgnrugige,353806,4174
898,ctgbarbeting,353014,292189
899,g44denrvgmge,352728,9494
900,eosdevdaceos,351936,193610
901,gyytoobxgene,342459,196484
902,comefromlove,336016,3454
903,gm3tambxgyge,335945,4226
904,geytmmzxgqge,335377,4670
905,warpcoinlife,334178,3446
906,eosatidiumio,334164,197700
907,thebigtazman,334058,4039
908,gu3dqmjrg4ge,329616,4222
909,unlimitedeos,328682,4083
910,unlimitedip1,328672,2996
911,lianyueosuip,328666,2996
912,uipexchanges,328658,2996
913,eosconsensus,328639,2996
914,whateosbp111,328135,3338
915,bcdn12345123,324543,199476
916,heytomzwgqge,324086,3686
917,caleoscanvas,323628,3446
918,g4zdemrsgege,323305,3662
919,laozengeoscn,319396,3124
920,gyztgmbvgmge,319371,5373
921,ha3dimrtgene,317851,3486
922,ge2dgojvg4ge,316641,5686
923,gy4doojqgyge,316180,282360
924,haztimagenes,315031,4126
925,gm3tcmbqgmge,314123,4718
926,hellonobody1,312461,193918
927,trackeraegis,312045,210300
928,ha4teojrg4ge,311588,3446
929,geydsmzwgage,310358,4858
930,g4zdoojwhage,310254,7654
931,gu2damjqgmge,308965,3954
932,eos121dacsky,307681,29388
933,eoscanadacom,306640,4603
934,iameoschatio,304136,196140
935,upbitwallets,303348,2996
936,walletdunamu,303345,10948
937,eoszhongshan,302425,3574
938,gi3tggenesis,301532,9382
939,gu4dgmbqgege,300973,6126
940,miciwallet11,298424,2996
941,gy3dambzhage,287345,4174
942,g43dcmjrhage,286888,195500
943,eosphoenix11,284580,4046
944,j5i5n3x2i5n5,284267,4174
945,gy3dsmbrgege,284081,5874
946,ha3dcobsgige,283945,4334
947,g4ydqmjqgege,283543,4206
948,gy3dqmjsgage,283494,4206
949,wuzhangcheng,282574,194324
950,gu2dqmrrgqge,278697,4046
951,muyimuyimuyi,277795,196868
952,luffyyszhang,275936,42603
953,gezdemrxhage,273470,4046
954,espritblocke,272762,202312
955,haydgnbyhege,271744,198996
956,eoslanhe1234,271192,3574
957,he2tenigenes,270772,6898
958,nrenaissance,270668,193796
959,heytenzqgyge,270446,4174
960,guzdemrygage,270164,13990
961,eoswupeng135,266856,195020
962,eosdanhuausa,265837,3347
963,g44tgnbtgmge,265590,4046
964,gu3tkmzygqge,263407,3486
965,eosstorebest,262929,3562
966,andriantolie,262179,3124
967,eosforumtest,260827,85827
968,gyztsnzqguge,259274,4046
969,ge2dgnrwgyge,259100,195868
970,ha2tkmrwhage,258648,4054
971,haytqnrxguge,257720,4046
972,ss1111111111,257566,195068
973,ge2tsojzgege,257498,4254
974,gyzdqojsgige,257367,3574
975,ge4demzvgyge,256133,4142
976,eosguotianmi,256070,206828
977,blockchainit,255517,5750
978,gy2danrygene,255292,61486
979,gi3dsmzuhege,255197,4046
980,guytqnrxgege,254633,8078
981,ha2tcmrzhage,253855,4286
982,gu2donjtgmge,253808,3710
983,gi4daojtgmge,253196,12718
984,gqzdknrvgmge,251151,5150
985,gyztsnbsgege,251128,4126
986,liuchengeos4,249920,193924
987,eossuperdapp,249546,194908
988,hehehehahaha,248882,196348
989,igetgetchain,248589,207816
990,yangdaweieos,248365,3582
991,ge4dimjqgige,247465,4054
992,gu3damrzgqge,244852,4214
993,eosbtceosbtc,244401,197916
994,g44tkmrwgyge,244320,199932
995,guztemzug4ge,243818,4054
996,g44tsnbrgage,243743,4190
997,tkblockchain,243646,194724
998,bangbangbang,243574,194908
999,eoshuobipool,241797,4143
1000,geytinbvgmge,241141,3446
1001,tigers111111,240395,4182
1002,guytsmzzgene,240150,239792
1003,gyydknjrhege,238553,4510
1004,fooooooooooo,238198,204108
1005,guydoobtgege,237851,196988
1006,eosgamesboot,237373,194652
1007,cdexaccount1,237054,194988
1008,wanshijian55,236623,3446
1009,eoschicagoio,236598,3446
1010,ha2tqmruhege,235951,4146
1011,g4ydkmjxguge,235784,195300
1012,gq3dsmzvgqge,235693,4182
1013,ge2dcnzygage,235297,4246
1014,bluehedgehog,234653,194404
1015,noonnowcomes,234337,195528
1016,heytgmjwgage,234002,4174
1017,gu2dgnzvgyge,233961,4678
1018,ha4dgmrsgqge,232832,4174
1019,gu2tqojqgmge,232093,3574
1020,ge4tombygige,231860,4246
1021,eosdatetoken,231356,193602
1022,ha3tsnrtgege,231228,3446
1023,gy3dqmagenes,231162,4174
1024,gyzdimrshege,229008,3590
1025,prochaintest,228856,2996
1026,gyytimjvgige,228290,4310
1027,buchuju22oot,227454,193346
1028,smtokenissue,227117,218301
1029,g43dimbzgene,226590,3470
1030,heydqnjrguge,225842,4126
1031,gm3dinbygene,225778,196724
1032,guydkmrtgage,225429,4166
1033,gyztemjxgqge,225303,223476
1034,aosaosaosaos,224779,194780
1035,gyztgnjvgege,224424,7506
1036,gqzdamrvgene,224398,4046
1037,imsuperstars,224237,194276
1038,kenkenkenken,223841,3446
1039,ha3damigenes,223104,196396
1040,gq2dkobzgmge,222391,196464
1041,vrblockchain,221949,194244
1042,eos121doudou,221489,3574
1043,devleeiocoin,221363,193586
1044,g44tkobtgyge,221176,3574
1045,ha4dcnjshage,220879,4422
1046,ha3tqojtgyge,220707,3878
1047,g44dsmjqgage,220118,3574
1048,g44dsmjxgyge,220074,4046
1049,gu3tcnjuhege,219918,4198
1050,gu4temjsg4ge,219758,4046
1051,g4ydqmjzgige,219601,3446
1052,guztenjzhege,219453,4336
1053,g44dsojuhage,219355,4174
1054,g44tcnjrgege,219354,4174
1055,g44dsojwgege,219353,4174
1056,g44dsojtgage,219353,4174
1057,hezdgojqgmge,219320,4971
1058,heztimzwgene,219098,4414
1059,gu4donjygige,219061,4046
1060,g44tcnrthege,219021,4046
1061,g44tcobqgage,219006,4174
1062,ajejebrazorf,218959,3124
1063,gyzdcmbrguge,218886,4046
1064,g4ydeobtgage,218534,4286
1065,g44tcobxhage,218533,4174
1066,g44temjugege,218532,4174
1067,g44tenjsgage,218474,4046
1068,g44tenbxhage,218474,4174
1069,g44tenjugage,218437,4046
1070,g44tenjvgage,218436,4046
1071,g44tcnrwhege,218436,4046
1072,g44tenbsgege,218412,4046
1073,ha4tqnjugmge,218384,4046
1074,haydambvgege,218361,4046
1075,mosmosmosmos,218299,194780
1076,g44dsnryhege,218209,4046
1077,wwwuchainone,218127,196098
1078,g44dsnztg4ge,218062,4174
1079,g44dsmrrg4ge,218062,4174
1080,g44dsobzg4ge,218061,4174
1081,g44dsojsguge,218060,4174
1082,g44dsobxhage,218060,4174
1083,g44dsobwgige,218060,4174
1084,g44dsobugqge,218060,4174
1085,g44dsobsgyge,218060,4174
1086,g44dsobrgyge,218060,4174
1087,g44dsnrug4ge,218060,4174
1088,g44dsmzrgige,218060,4174
1089,g44dsmrvgege,218060,4174
1090,g42tcmzthage,218000,195508
1091,gy4dcmbwhage,217902,4046
1092,gyztsmrygage,217743,4286
1093,ha4tknzyguge,217715,4182
1094,g43tkmzrgyge,217333,4286
1095,gyzdsojugyge,217284,4654
1096,cnstrider111,217282,3942
1097,gy2dqnrqguge,217035,3814
1098,gm2tsmzzguge,216925,4942
1099,eosgameio211,216854,2996
1100,anoxanoxanox,216711,193924
1101,helloworldk2,216096,196316
1102,haydgnbzgage,216026,4046
1103,haydgnjrgmge,215807,4046
1104,haydimjxgmge,215804,4046
1105,haydimjzgege,215798,4174
1106,eosfujianmvp,215782,195572
1107,heytinrugmge,215697,4174
1108,haytinbtgege,215687,4062
1109,haydimjvg4ge,215553,4046
1110,haydimrwgmge,215551,3446
1111,callmepandaa,215534,3124
1112,haydimjugyge,215496,4046
1113,haydinjrgige,215414,4046
1114,haydinjthege,215367,4046
1115,haydinjvhage,215364,4046
1116,haydcobygmge,215208,4046
1117,haydcobvguge,215173,4046
1118,haydcobwgege,215171,4046
1119,haydcojqgyge,215163,3446
1120,bitcoinadmin,214999,194484
1121,haydcojtgyge,214956,4046
1122,gyzdgobthege,214770,4078
1123,haydemrzhage,214703,4046
1124,haydemzugmge,213769,4046
1125,haydemzqguge,213744,4046
1126,xelemerblock,213741,195786
1127,haydemzrgqge,213683,4046
1128,ha2dinjqgage,213631,4086
1129,gm4tknjugage,213514,4110
1130,haydgmzyhege,213456,4046
1131,haydgnbrguge,213454,4046
1132,haydgnbrg4ge,213452,4046
1133,woswoswoswos,213444,194780
1134,haydgnbygige,213438,4046
1135,gy3tqnrwgyge,213315,4046
1136,gmytmojthage,213314,3638
1137,haydgmzwguge,213223,4046
1138,xxooxxxxooxx,212917,194908
1139,g44teobugige,212892,4046
1140,g44tcmztgige,212890,3686
1141,g44teobshege,212888,4046
1142,g44tenrtgyge,212856,4046
1143,g44tenrrg4ge,212843,4046
1144,g44tenjzg4ge,212841,4046
1145,gqytanrygege,212813,3806
1146,haydemzshage,212726,4046
1147,haydenbsgage,212717,4046
1148,haydemzxhage,212713,4046
1149,haydenbqgige,212704,4046
1150,rivendellwxr,212659,3574
1151,g42dinjqhage,212612,4286
1152,haydenbrguge,212590,4046
1153,zhiming11111,212574,197876
1154,haydenbuguge,212543,4046
1155,haydenzvhage,212541,4046
1156,haydenzvgege,212537,4046
1157,haydenzwgige,212534,4046
1158,haydenzzgqge,212532,4046
1159,haydgmzqgige,212520,4046
1160,haydeobwgyge,212519,4046
1161,haydenzzgige,212519,4046
1162,haydgmzsguge,212466,4046
1163,haydgmzwgqge,212433,4046
1164,haydeobuguge,212414,4046
1165,haydeobxgige,212412,4046
1166,haydeobuhege,212409,4046
1167,gmztemzvgige,212292,4858
1168,gu2tmnzwg4ge,212287,4286
1169,gyztgnzuguge,212134,4286
1170,g44daojwgmge,212085,4286
1171,gqytqojwgige,212067,4182
1172,haydinrwgege,211884,4046
1173,heydqnrzhage,211871,4286
1174,haydinrshege,211814,4046
1175,haydinjzhage,211744,4174
1176,guytcnzrg4ge,211631,4414
1177,heztcnjugage,211591,3742
1178,g43tgojzgyge,211576,4190
1179,g44tqnrxgyge,211468,4046
1180,g44tqnrygage,211465,4046
1181,haydaobrgige,211464,4046
1182,g44tqnryhege,211463,4046
1183,haydaobrguge,211462,4046
1184,eosokfan1122,211460,3124
1185,jediiiiiiiii,211348,211220
1186,g44tqnrxgige,211301,4046
1187,baosiyoutest,211284,195164
1188,giytqobyguge,211257,4046
1189,g44tkobqgmge,211247,4046
1190,g44tqnruhege,211245,4046
1191,g44tkobsgqge,211245,4046
1192,g44tknrxhage,211147,4046
1193,g44tknzqhege,211144,4046
1194,g44tknzxgqge,211142,4046
1195,gm3tmmjrhage,210974,4190
1196,guzdmnrrgmge,210903,4062
1197,gi4tonbzg4ge,210819,4046
1198,gyytcnbxgyge,210400,4182
1199,ge2dgnbqgige,210343,4174
1200,haydaobsgyge,210241,4046
1201,haydaobsgmge,210239,4046
1202,g44domjugmge,210239,4070
1203,haydaobwgage,210172,4046
1204,haydaobvhege,210169,4046
1205,haydaobzgmge,210168,4046
1206,haydaojtgige,210163,4046
1207,haydcnzxguge,210160,3446
1208,haydaojzhage,210160,4046
1209,haydaojugage,210160,4046
1210,haydcobugage,209888,4046
1211,guydknjrgyge,209702,4078
1212,eoseoseos321,209593,200100
1213,hazdanzvgage,209240,4046
1214,g44tgmrwg4ge,209181,4046
1215,g44tgmrugage,209122,4046
1216,gq3dcnzsg4ge,209117,3654
1217,gezdqnrxgqge,209079,3734
1218,ha2temjxg4ge,208914,4707
1219,gqztimrqhege,208866,3686
1220,g44tgmrrgage,208817,4046
1221,ge4tonzxgege,208800,4118
1222,g44tgmzrg4ge,208705,4046
1223,g44tgmzrhege,208703,4046
1224,g44tgmzwgege,208701,3446
1225,g44tgmrugmge,208698,4046
1226,g4ztemztgege,208627,3446
1227,g44timbxhege,208618,4046
1228,g44tgmzwhage,208618,4046
1229,g44tgnjwgige,208605,4046
1230,g44timbvgage,208603,4046
1231,g44timbwguge,208600,4046
1232,gu3dinzzgige,208532,3454
1233,g44tgmbrgige,208530,4046
1234,g44tgmbvguge,208526,4046
1235,g44tgmrqhage,208524,4046
1236,g44teojxgqge,208398,4046
1237,g44teojthege,208383,4046
1238,g44teojugege,208380,4046
1239,g44dmmrqhege,208378,3590
1240,gy2tmnzxgmge,208323,4174
1241,ha3dcmzuhege,208203,4078
1242,gy2taojrgqge,207563,4046
1243,guztsnjugyge,206950,4286
1244,haztkmbrhege,206535,4046
1245,airdropppeos,206307,3614
1246,gu4timrtgage,206114,7398
1247,heydqnjqgege,205979,6110
1248,eosmccreator,205757,193678
1249,ha4dcmrtgyge,205701,4514
1250,haztmmbyhage,205681,4182
1251,g44denjygyge,205610,4150
1252,eosxin111111,205398,194908
1253,gq4toobqguge,205228,4334
1254,hezdsnryhage,205167,196828
1255,eosnamecreat,205132,196962
1256,meetliucheng,205031,3446
1257,lovehangzhou,204870,4198
1258,g42denzrgage,204801,4174
1259,gq3demzvgyge,204625,3502
1260,lindydeeos12,204503,3446
1261,g4ztgobrgage,204484,4174
1262,eosgogo4ever,204295,3574
1263,g44damzwgqge,204213,4086
1264,hezdmmrrgqge,203929,5214
1265,eos121dacvip,203774,195730
1266,gamedeployer,203773,2996
1267,peeplearning,203772,193586
1268,eosunionaaaa,203772,194158
1269,eostldfunder,203772,2996
1270,pythonpython,203771,193586
1271,eosmanisyour,203770,198378
1272,beijingniufj,203769,199340
1273,jujueostoken,203768,193586
1274,ha4tsojygyge,203683,197688
1275,meetonebonus,203538,194908
1276,feellyly2233,202898,4174
1277,gyzdsojuguge,202586,7510
1278,gmzdcobsgmge,202571,4174
1279,evewaslonely,202476,195148
1280,vipeosvipeos,201363,194908
1281,g4ydsobwgege,201206,5616
1282,coinmaster45,201161,194586
1283,g44damzsgene,200772,4838
1284,arparparparp,200702,196528
1285,gi4dmmjqhege,200583,4206
1286,g4zdoobtgage,200491,4174
1287,cc2222222222,199927,3124
1288,qingpendayu1,199758,195746
1289,aihomeserver,199513,193586
1290,keytothemoon,199339,198868
1291,emttokenbank,199204,194708
1292,costcocostco,199023,193850
1293,adshaoadshao,198699,3734
1294,ha4donrzguge,198333,194940
1295,cyphercrypto,198257,195997
1296,gqydknbrgene,198140,3574
1297,vvvleeostore,198039,193826
1298,hezdcmjugage,197770,194644
1299,gy4diojwguge,197691,51166
1300,haydenigenes,197561,4246
1301,gy3dsmrqgqge,197398,4334
1302,guydgnrsguge,197268,4174
1303,eosmotioneos,197214,3328
1304,hkeoshkeosbp,197175,3773
1305,haytmmrzhage,196259,4454
1306,yangerpeng22,196040,196012
1307,lordxuemanzi,195993,193586
1308,heytomjtgege,195788,195660
1309,indianastate,195759,194644
1310,zjjjjjjjjjjj,195047,194908
1311,tomxle123451,194726,3574
1312,eoztokengogo,194580,193954
1313,uxbzhongguor,194249,194172
1314,gi3tanjwgege,192808,4620
1315,gfedcba54321,192161,4046
1316,gm4dcnzwhege,192158,4294
1317,gq3danjzhege,192007,4422
1318,guzdomjwguge,191864,4310
1319,gi2tanjwg4ge,191647,4013
1320,gi2dmnzuhege,189857,4414
1321,g42dgmbwgene,189347,4174
1322,gqytqmjyhage,188352,3574
1323,gq4tgnrsg4ge,188263,3614
1324,gqydimjyhage,188090,4286
1325,gy3domzuhege,187812,4174
1326,gm3tsnjrgage,187336,6688
1327,g44dkojzgqge,186769,20362
1328,haydimjug4ge,186010,4182
1329,gqztqnzrgyge,185691,4464
1330,heztanbvgqge,184953,4414
1331,xiaohewallet,184097,3734
1332,ha3tkojzhage,182392,3686
1333,gu4dknbwg4ge,179829,7686
1334,gy3dgmrrgqge,179658,4190
1335,ha3dgnjwgage,178369,6022
1336,liketerryfox,177529,5045
1337,eosericdaigo,177304,3574
1338,ha2tgnbwguge,176169,6510
1339,heztamjugige,175469,20046
1340,lipingliping,175098,4006
1341,gu4tqnbsgmge,175097,39454
1342,ha4teojrhage,174162,4262
1343,gy3tqmjsg4ge,173617,16694
1344,giztsobqgige,172542,4206
1345,mxmxmxmxmxmx,171951,3446
1346,gm2damzsgqge,171828,4174
1347,gyzdanrvgege,171370,26074
1348,ha3dgnrxgyge,171185,4414
1349,easyremember,169745,4046
1350,gy4tiobvhage,168809,5938
1351,gy4dambshage,168353,3782
1352,henrikaskram,167982,2996
1353,gm3dgnztgige,167039,3694
1354,1.12233E+11,166419,6046
1355,gy3timrrgmge,165598,12146
1356,g4ztemjugyge,164725,4494
1357,gi4tcmbrg4ge,164046,4504
1358,eostomyheart,163399,3446
1359,liangpinpuzi,163259,3446
1360,gy2diobygige,162567,4414
1361,ugmln5sexzj3,161370,157307
1362,ha4tsojygege,161319,3590
1363,hangkonggang,160782,3534
1364,gy4tanzvgage,159719,4102
1365,gu2tembqgage,158900,56900
1366,ausbitbanked,156917,2996
1367,gm4tgmzxgmge,154037,8054
1368,gyytqobwguge,153677,4174
1369,ha4tkmjxgyge,153675,4978
1370,eosproof1111,152828,97673
1371,gmytqobsgege,152099,4686
1372,haztimzrhage,151929,62110
1373,he3tkmygenes,150215,5102
1374,g42dkobrguge,149735,3638
1375,gezdmmjqgene,148760,3574
1376,guzdanrugene,146996,3822
1377,g44dqmzvgqge,146252,3814
1378,gi4diojugene,142565,6582
1379,irespoevents,141072,137870
1380,cweirjiang11,140463,3574
1381,bohdankossak,139512,3814
1382,gq3tsnzsguge,139203,10850
1383,aaronzhuolin,138322,3574
1384,geydamjygene,138276,26854
1385,andreasgusta,136163,2978
1386,guydgmzvgqge,135630,5502
1387,geydeobvgmge,135502,4390
1388,gu4dambygige,135288,76010
1389,guydqmzwguge,134911,4342
1390,stupidvideos,134722,3734
1391,eosmowang222,134592,4246
1392,eoscube11111,134262,3448
1393,gy3dqmqgenes,132637,4126
1394,gqydgobvgene,132122,4190
1395,myeoskylewfc,131575,3446
1396,eoslaomaocom,131483,4397
1397,eosantpoolbp,131482,4018
1398,eospacificbp,131480,3330
1399,eosbixinboot,131474,3910
1400,dposclubprod,131469,3327
1401,onechaindapp,131459,3906
1402,eosamericas2,131459,3778
1403,eosvillagebp,131457,3323
1404,eosstoredapp,131451,3328
1405,eospaceioeos,131447,3320
1406,bitfinexeos1,131306,3950
1407,ycheosforzb5,130410,3124
1408,gmydmnrug4ge,129355,4230
1409,geztsnygenes,129097,3574
1410,g4ytemrvgene,128472,4414
1411,gyztcnjsgige,127868,4670
1412,simpleoswllt,127831,3750
1413,gi4tgojzgqge,127337,7159
1414,xxxxxxxxxxx5,125864,3566
1415,13r32e5eosda,125616,4414
1416,saynananapls,125448,5816
1417,gy2dkojxgqge,123831,3726
1418,heztamjugqge,123050,30894
1419,heytmobzgige,122379,5193
1420,heytembvgyge,121916,4198
1421,liuchanggong,121729,3446
1422,g42diobsgige,121723,4182
1423,ha4tsnjsgqge,121503,4310
1424,eosfree12345,120446,2996
1425,gq3diojwhage,119972,3582
1426,giytonrtg4ge,119671,85446
1427,gyzdmnzsgmge,118155,4230
1428,eoszhanghuan,118076,5478
1429,eoswinwineos,117863,3444
1430,gu3dcojqguge,117589,4182
1431,ha3dqmzzguge,117512,6030
1432,emtchain1111,117439,3574
1433,gm3tcnjqg4ge,115060,4238
1434,gy2tenjxgege,114224,4990
1435,lovefear3eos,113701,3670
1436,gu2tgnjxguge,113696,3574
1437,g44tinbzhage,113693,7062
1438,hezdonrqg4ge,113495,4446
1439,gy4dmmzqguge,113331,7150
1440,lovefearseos,113260,3446
1441,haztkmjzgage,113017,5206
1442,ha2tinzrgige,112055,5702
1443,gu4dgnrrgyge,112005,8762
1444,he2dqnygenes,111767,4742
1445,softwaremall,111653,2996
1446,3.21131E+11,111626,4870
1447,eosmaliming1,110755,3574
1448,heydsmrugqge,110739,4254
1449,gu4tmmrugyge,110471,5726
1450,g4ytimagenes,110133,3934
1451,liaorunrong2,109845,3446
1452,eosseosseoss,108940,3446
1453,haytsnzugqge,108904,4046
1454,koreanumber1,108265,3814
1455,eosioglasses,107759,5506
1456,xsl15411114x,107408,3574
1457,eostokenhome,107146,2996
1458,haytiobqgege,106832,4334
1459,gu3dmnzvhage,106501,4058
1460,ge2tknrtgmge,106490,4034
1461,ppppssssyyyy,106123,2996
1462,watchdoggiee,105989,54039
1463,ha4dmmrqgege,105847,23702
1464,mrgoxaccount,105320,4250
1465,haydqmbvgige,104146,10702
1466,ge3dimjzgmge,103639,84498
1467,khudakeliye5,103632,3446
1468,guydkoigenes,102650,5826
1469,gqztknjqhage,102482,54350
1470,producerinfo,101889,33915
1471,breakthrough,101885,2996
1472,zebrawallet3,101883,2996
1473,eversafetokn,101880,3446
1474,hello1111111,101207,2996
1475,2.33333E+11,100099,3124
1476,eos123icenox,99426,3574
1477,ha4demrrgige,98634,4138
1478,ha4tmojrgige,97795,4238
1479,giztemrug4ge,97727,3814
1480,g4zdamygenes,97586,30500
1481,gzglfzgzglfz,97393,4718
1482,docthezealot,96203,52947
1483,gu4tgmzuhege,95201,3814
1484,haydanbvgege,95008,4874
1485,gq3agenesis1,94975,4230
1486,eosdnsserver,94402,30874
1487,qianhaieosio,94366,4286
1488,ha2tenbyhege,94219,4002
1489,eosheizhuang,94003,3598
1490,eosthenewios,92666,2996
1491,ha4dkmzsg4ge,92264,5830
1492,honghengjun5,92085,4174
1493,gu2toojwg4ge,92012,3622
1494,ha3tiojrgmge,90861,15026
1495,chinaeosbank,90763,4934
1496,g44dqnrqgage,89651,4462
1497,ge4tembvgmge,88773,5750
1498,haytgmbwgqge,88350,27382
1499,11a22b33cgwp,88259,3574
1500,gi3danbugege,87780,7622
1501,gu4dmmrqguge,87566,3686
1502,wangkai12345,85782,3614
1503,gyztknjugyge,84008,4334
1504,ha3demrxgmge,83927,27010
1505,gy3dcnbrguge,83724,36326
1506,a11112222333,83687,3574
1507,zhanglei1125,83668,3574
1508,zwzwzwzwzwzw,83168,13474
1509,g44tomrxhege,81923,33476
1510,eosnowgofree,81045,3446
1511,haztknzxhege,80423,14614
1512,eosmeimeijie,79140,4054
1513,heytemjrgige,79028,9234
1514,g44tqmjqgige,78682,60150
1515,xxxeospayxxx,78511,3814
1516,ha3tqnbygige,78182,3574
1517,gu2tmmzqgyge,76134,4414
1518,eos111222333,74490,19226
1519,zhoujingjing,73927,5310
1520,hezdamjwgyge,73889,3582
1521,eoscoooooool,73881,4214
1522,g43tenrvgqge,73874,9230
1523,gy2dimzqguge,73860,5830
1524,google111111,73833,3124
1525,g42dsobugyge,73832,8454
1526,gq4dsnjwhage,73814,6398
1527,gy2tqnbrgqge,73811,4902
1528,ha2timbugyge,73785,4230
1529,ha4tanrqgege,73781,8462
1530,gy2tqnjugyge,73744,33974
1531,ha2dsojzgege,73736,3590
1532,gyzdiobygage,73736,16694
1533,ha2dqojqgyge,73735,4018
1534,hazdomzqguge,73735,5142
1535,gyytkobqguge,73732,4278
1536,hezdeojxgige,73731,3582
1537,ha4doobygege,73731,4054
1538,ha3tonzsg4ge,73731,4334
1539,guzdkmrvg4ge,73731,3734
1540,heydsnryguge,73730,4846
1541,hazdqmbzguge,73730,3814
1542,haytsnrygige,73730,3814
1543,gq3dsnbrgmge,73730,3750
1544,ge3tmmjyg4ge,73730,3622
1545,ge2dinbygige,73730,3654
1546,gy2dsnzvg4ge,73729,3814
1547,gyytkojtgene,73729,3598
1548,haztimbxgyge,73728,3814
1549,hazdsmzshage,73728,3914
1550,hazdenjwg4ge,73728,3814
1551,g44tcnruhege,73728,3718
1552,gy4tsnigenes,73728,4014
1553,ha2tsmbyguge,73727,3622
1554,ha2tqmzugyge,73727,3814
1555,haztimzwhege,73727,4270
1556,g44tcnzrgyge,73727,4414
1557,gq3denzuhege,73727,3446
1558,gmydqojtgqge,73727,3726
1559,gqytmmigenes,73727,4010
1560,ha4domrvgqge,73726,3970
1561,haydcobwhege,73726,3582
1562,gyztiojvhege,73726,3582
1563,gq4demjtgyge,73726,3614
1564,giytcmbzgege,73726,3734
1565,giytmmbugene,73726,3606
1566,g4zdanrtguge,73725,3782
1567,gu3dgobshage,73725,3582
1568,gu2doojqg4ge,73725,3574
1569,gq2diobtgege,73725,3914
1570,ge2dgmrygyge,73725,4146
1571,gezdomrygmge,73725,3606
1572,ha4donrqg4ge,73724,3814
1573,ha2tcmbzguge,73724,4214
1574,g44tcnzqgige,73724,4406
1575,g44tcnrygmge,73724,3814
1576,g42taojqgage,73724,3574
1577,gy2dqnrtg4ge,73724,4074
1578,gu3tenbzgige,73724,3922
1579,gu2dgnztgige,73724,3814
1580,gq2dmmzyg4ge,73724,3574
1581,gqztqmzvgege,73724,3930
1582,gqydqnbygige,73724,3814
1583,gi3tqojvhage,73724,4450
1584,ge2tonjzg4ge,73724,3814
1585,geztgmzvgige,73724,3590
1586,haztaojshege,73723,3590
1587,g44tcnrwgege,73723,3806
1588,g43timrvgyge,73723,3478
1589,gyztemzrgmge,73723,4214
1590,gyzdmmrrg4ge,73723,3614
1591,gu3denjrgege,73723,3574
1592,gq3dqnzxgege,73723,3686
1593,gq2timjzgege,73723,4446
1594,giztsmrugige,73723,4238
1595,gqydmgenesis,73723,3766
1596,g44tenrrgege,73722,4198
1597,gyztkobsgyge,73722,3606
1598,gyztknrtgige,73722,3574
1599,gyzdsmjrgege,73722,3922
1600,gu3tonrrgqge,73722,3906
1601,gu2tqnjygyge,73722,3814
1602,gi2tmnjqgige,73722,3590
1603,ge2dimjsgige,73722,3582
1604,gq3daobrgene,73722,4146
1605,haytanbwg4ge,73721,3662
1606,gu4dknzugyge,73721,5270
1607,gu3tiobzgmge,73721,3582
1608,guzdambygege,73721,4190
1609,guytgmzrgqge,73721,3574
1610,guyteobwguge,73721,3614
1611,gq3tinbrgige,73721,4414
1612,gqztkmjugage,73721,3814
1613,ge3tsmjwhege,73721,4838
1614,geztqmjygqge,73721,3654
1615,gm4dknrqgene,73721,3654
1616,g4ytmmbrgqge,73720,4214
1617,gu3dkobqgyge,73720,4182
1618,gu3dkmrtgege,73720,3822
1619,gu2tqnjzhage,73720,3582
1620,gu2toojsgmge,73720,3582
1621,gq2tqnzugqge,73720,3582
1622,gqzdgnbygmge,73720,3598
1623,ge2tmnbrgyge,73720,3574
1624,geztcnjvgege,73720,3574
1625,gq2danzygene,73720,3654
1626,haydenbwhege,73719,3574
1627,g44tkmzsgige,73719,3582
1628,gyztiojugige,73719,4154
1629,gi4tcnbshege,73719,3750
1630,g44tkmrwgege,73718,3582
1631,ge2tgobxgmge,73718,4634
1632,gyzdqmjvgige,73717,4098
1633,kesaritooooo,73715,8688
1634,gy4tgmzugmge,73713,3686
1635,ha4daobxg4ge,73712,7481
1636,gq4dinigenes,73697,4722
1637,giydanqgenes,73692,6124
1638,teamkoreosio,73691,3598
1639,g4ydamigenes,73680,16654
1640,guztcobygage,73679,4038
1641,gqytomrrgige,73673,4002
1642,decentwitter,73672,64024
1643,guydcnjqgqge,73636,4302
1644,gyydgnjvgage,73632,4014
1645,giydknbzhage,73594,4134
1646,blockquerycn,73574,3574
1647,g42tqojygyge,73561,14186
1648,gyztcmbvgmge,73474,3662
1649,gm3tqmrxhage,73407,14658
1650,gy4dknbzgmge,73405,4294
1651,hezdanrxhage,73344,3846
1652,g43deojqgige,73342,9270
1653,g44demjqgyge,73331,7110
1654,g42tmnrvgige,73109,11533
1655,geyinswallet,72842,3574
1656,g44taobyhege,72773,6182
1657,iloveyoubebe,72759,6054
1658,gy4dgmbxgege,72748,5679
1659,communityeos,72167,50757
1660,ha3dmmrygyge,71961,3702
1661,g4zdmmrzguge,71774,3718
1662,victorvictor,71405,4810
1663,gu4dgmjxgyge,70433,3590
1664,g4ydqnbygyge,69904,5124
1665,gy3dsmzzgmge,69795,5986
1666,tohelloworld,69701,3446
1667,eosliaocheng,69606,4266
1668,zhangxineos1,69216,39750
1669,ha2dkmjsgege,69203,25062
1670,krakenkraken,69086,11398
1671,ge2tsmzzgene,69053,8318
1672,eoscocoshost,68979,4503
1673,hellowordeos,68688,2996
1674,gi4dombsgyge,68615,4220
1675,gq4daojxhage,68610,5838
1676,ge2tgnztgige,68607,4958
1677,ge4deoagenes,68574,26966
1678,g44danbzgege,68426,4590
1679,samstickkzjo,68355,3446
1680,he3tcnygenes,68219,3582
1681,gm4dgnbzhege,68166,6078
1682,liondani2eos,68163,3846
1683,geytknzzgqge,68156,22038
1684,ha2tmnjshage,68149,4058
1685,nanshaneosio,68100,4174
1686,haydgnrwgege,67638,4270
1687,haydemrvgage,67170,3946
1688,gq2tmmrsgmge,67162,3582
1689,gyzdaobqhege,67159,3582
1690,yuyanjunbaba,66946,4994
1691,ioioioio1234,66780,3446
1692,gq4dmnjzgige,66706,4510
1693,gy2diobzhege,66443,5534
1694,stargateteam,66361,3745
1695,cosmocreator,66339,3734
1696,ha3danbxgage,66084,3574
1697,zebrawallet1,65944,8180
1698,superoneiobp,65742,3907
1699,eosyskoreabp,65741,4223
1700,lixiaolaicom,65739,2996
1701,eosunion1111,65739,3561
1702,villesundell,65739,2996
1703,eostark11111,65734,3317
1704,eosthushuimu,65733,3323
1705,eosbixincool,65731,2996
1706,tchaineospro,65728,3326
1707,eosbeijingcn,65719,2996
1708,liaochengevo,65717,3328
1709,yinshanchuan,65715,2996
1710,seamonseamon,65714,3942
1711,designerseos,65714,2996
1712,imblockchain,65712,2996
1713,littlekfcgma,65706,2996
1714,eosbitmainbp,65701,2996
1715,eoshenzhenio,65690,3773
1716,eoshenzhenbp,65685,3446
1717,spearfundoh1,65685,3319
1718,jenkasjenkas,65682,2996
1719,samsungeosee,65673,12030
1720,eosmelbourne,65661,2996
1721,eoshazmclean,65661,2996
1722,antplanetcom,65655,2996
1723,starshipgene,65609,2996
1724,yorziwyorziw,65605,3606
1725,eoscollegeus,65605,3320
1726,newsreporter,65506,56487
1727,crystalclear,65488,2996
1728,spaciousness,65443,2996
1729,gy2domrtgyge,65384,6534
1730,ge3tcmzqgyge,65377,6022
1731,gm3dcmrygqge,65370,4662
1732,gy2dsnrvgyge,65365,8502
1733,gy3danzqgage,64990,4730
1734,gm3dinztgmge,64946,6814
1735,eosswedenorg,64930,3900
1736,biancewallet,64822,6418
1737,xxxxivanxxxx,64812,4402
1738,yyramram1234,64793,3574
1739,ge3dgnzxgene,64631,7358
1740,austinkelly1,64586,2996
1741,eosyinailong,64538,20438
1742,marcol521313,64416,5854
1743,gqydmnbyguge,63879,8036
1744,ha2tombzgmge,63687,36214
1745,shangyongjun,63047,5234
1746,gyyteojygage,62993,4206
1747,sandwichfarm,62540,4575
1748,dapphub12345,62496,4146
1749,exchangeosio,62131,8438
1750,yanqinglmkly,61738,2996
1751,gu3dgnbwhege,61685,4334
1752,yujingboaiyn,61290,3574
1753,eosdepositor,61129,51239
1754,zxzxzxzxzxzx,60914,2996
1755,sunzheneosio,60752,14198
1756,hezdsojrgege,60612,5638
1757,gqzdamzsgene,60583,8294
1758,avadakedavra,60552,3574
1759,bckeosbckeos,60000,3926
1760,wangweiqiang,59863,2996
1761,alibababaidu,59512,4086
1762,ha3dcnjugene,59503,3870
1763,alexcloak123,59503,4970
1764,citestuser11,59389,6202
1765,eosbaoserver,59341,53651
1766,gm2dmoagenes,59237,3454
1767,ha4dimjxgige,59122,4870
1768,jyeostokens2,59042,4078
1769,amazonlite11,58945,3124
1770,hongkongboss,58270,6614
1771,eoscodingman,57531,8034
1772,eosrenjieos1,57374,5494
1773,citestuser22,57280,3456
1774,gy4tgnrthege,56940,9334
1775,transhumanio,56774,3686
1776,fa1111111111,56510,3124
1777,cryptolions2,56510,3734
1778,helloeoscnbp,56506,4187
1779,chainclubeos,56467,5184
1780,spacechicken,56422,3778
1781,phearinglion,56414,2996
1782,icodevservic,56302,3446
1783,liubinliubin,56071,5274
1784,heytamjxgige,55742,4902
1785,iamtest12345,55459,3574
1786,toyotawallet,54827,4046
1787,nospamplease,54128,2996
1788,ge4temqgenes,53977,4934
1789,gq3tinbzg4ge,53174,4078
1790,eosdeveloppp,53172,3446
1791,gy4tgnbzgmge,52951,4517
1792,testaccounts,52786,3574
1793,wuxingyisgfs,52597,3622
1794,hazdknrxhege,52563,13094
1795,dingdingding,52556,2996
1796,diandiandian,52556,2996
1797,lianlianlian,52556,2996
1798,longlonglong,52556,2996
1799,mengmengmeng,52556,2996
1800,xingxingxing,52556,2996
1801,kongkongkong,52556,2996
1802,dongdongdong,52556,2996
1803,keoskorea111,52492,3895
1804,gy4tqmzugage,52077,3906
1805,gy3donbqgqge,51614,38358
1806,xiaosiyan121,51335,3598
1807,recordholder,50944,2996
1808,deeplearning,50943,2996
1809,gy4tgobrgige,50895,7686
1810,g44timzygqge,50305,4398
1811,gy3dqmjzg4ge,50275,3726
1812,elderberries,50206,3789
1813,gq3dknjrg4ge,50092,4274
1814,g44taojrgqge,50015,4414
1815,g4zdkobug4ge,49836,4286
1816,gizdemjxhage,49657,3798
1817,gizdkmjwgige,49497,4578
1818,godofwealths,49355,3686
1819,rudexgateway,49180,4054
1820,proxyaccount,49153,15262
1821,qingyanglong,49091,8902
1822,ha4dgmzyguge,48874,3446
1823,antsharesorg,48677,3854
1824,gu3dmojygyge,48577,4526
1825,gy2dgmrrgmge,48444,4063
1826,haztaojrgige,48363,8302
1827,xxxxbankxxxx,48297,3446
1828,heydimrygyge,48222,4461
1829,gyytgmzxgige,48111,4206
1830,candlestick1,48107,2996
1831,eoscnsongbin,48051,3574
1832,g44tenjqgmge,47791,3670
1833,imjackyzhang,47690,3454
1834,greencapital,47664,3915
1835,galaxypirate,47660,3787
1836,strongmonkey,47658,4023
1837,eoschaintech,47658,3911
1838,eosorangeeos,47657,3783
1839,gu2dqmrxhage,47463,7226
1840,geydiobrguge,47198,35910
1841,heydknzxgqge,46985,5534
1842,gm2tqojygyge,46850,5826
1843,harrythelmag,46709,3582
1844,gi4temzrguge,46702,15910
1845,chainceout11,46652,4644
1846,ge3dsmbzgage,46379,20694
1847,ha4tanjugqge,45912,5866
1848,zhangqiangfc,45551,5230
1849,ha3temrugmge,45522,8210
1850,jerrycwallet,45428,4374
1851,casinowallet,45428,3236
1852,gu3dqmagenes,45338,3878
1853,eightbasecom,45312,7058
1854,gqzdanzxhege,44540,4302
1855,haytmnrygyge,44132,37846
1856,humblefirm42,43807,3718
1857,gu4tiojthage,43723,3734
1858,swedencornet,43676,3337
1859,kramerartist,43553,2960
1860,guztcnrxgqge,43442,6094
1861,gyydsnzrhege,43344,3630
1862,gy3dsmjtgage,43147,4582
1863,mindlinerone,43032,2996
1864,guztgojuhage,43020,4286
1865,mariusadvice,43006,2996
1866,activebudget,42999,2996
1867,beautycenter,42993,2996
1868,livingplanet,42993,2996
1869,mariusactive,42992,3364
1870,g43tqmjrhage,42845,4174
1871,eospshwallet,42684,3694
1872,eossv12eossv,42217,7179
1873,helloeos2333,41834,3574
1874,baobaobaobao,41656,5335
1875,ha2domrygege,41493,11926
1876,lloveyoubaby,41325,3446
1877,hecongxx12bm,41264,3574
1878,g42tqmbvgige,40988,30134
1879,giytkmztg4ge,40946,3454
1880,blacklistmee,40946,33449
1881,ge2tinrxgyge,40933,3582
1882,ha3dqnjqgyge,40928,4178
1883,gyzdqnztgige,40925,3774
1884,giydmmzrgige,40923,9622
1885,gq4dsobygmge,40897,4510
1886,alepacheco11,40896,9206
1887,carlossantos,40747,4122
1888,coinxptokens,40741,3446
1889,lamboiscomin,40682,39805
1890,heytkmbtg4ge,40666,5985
1891,eos121dac111,40404,38937
1892,accountmaker,40155,3734
1893,ha3tkobyguge,39915,3766
1894,eosdevelopme,39727,3446
1895,moreisfuture,39526,3776
1896,gyzdiobuhage,39463,14502
1897,gq2tcmztgqge,39349,8522
1898,giytqmzxhage,38975,12334
1899,guzdamrtguge,38916,4238
1900,geztiobtgene,38830,4754
1901,g42tknzvhege,38768,4258
1902,jinxin1eosbp,38712,4662
1903,eoscentralio,38460,3894
1904,gu3timzsgene,38378,4934
1905,gyzdamzuguge,38149,3814
1906,gqztomrugmge,37950,8286
1907,gu3denzuhege,37904,9406
1908,guydsnjyhage,37843,8054
1909,hxblock12345,37566,3476
1910,g42tcnjuhege,37322,4054
1911,gqzdmojxgege,37248,8134
1912,swftcoincoin,37166,35669
1913,supergghbbbb,36667,3974
1914,ha3domygenes,36659,6414
1915,ge3teojug4ge,36570,5686
1916,gm2damjvg4ge,36499,4398
1917,gi2dqobwgige,36368,4454
1918,gyytgmrrhage,36091,4182
1919,michaelaleiw,36054,34866
1920,eosbeijingbp,35912,4796
1921,genercapital,35817,3446
1922,andelffledna,35784,2996
1923,mynameisbean,35630,3814
1924,yanyanyanyan,35615,3582
1925,gi2dgnygenes,35413,9446
1926,synflood4eos,35270,3446
1927,ha4tcnzwguge,35022,3922
1928,yuanfanz1111,34879,3574
1929,gu3denbtgqge,34679,4414
1930,g4ydqmbwgqge,34602,12814
1931,gu2dcmjvhage,34549,3702
1932,xmaneosmeeee,34439,3124
1933,gmzdqnzrg4ge,34401,33151
1934,stubbornicko,34156,3446
1935,eoseos111111,34026,4174
1936,gu4dcobqguge,33949,4026
1937,eosblock2345,33938,3814
1938,nameshop4eos,33741,4214
1939,geytknzxguge,33722,4494
1940,ge4dinjxgege,33525,8078
1941,gezdomjxgige,33333,25742
1942,szvctmtgroup,33097,3906
1943,cancaptialop,32985,3446
1944,guydsmrtg4ge,32957,3950
1945,gy2taojsgmge,32894,3934
1946,eosjapanclub,32836,3327
1947,crypticianio,32776,3328
1948,cryptoctopus,32774,2996
1949,ge3tsobugige,32768,5890
1950,gyztonzwgene,32712,4674
1951,eoscomputing,32662,3854
1952,deenihl1oooo,32605,3446
1953,zbeosdeposit,32600,2996
1954,yangeosforz1,32599,4398
1955,yangeosforz2,32599,2996
1956,yangeosforz3,32599,3710
1957,yangeosforz4,32599,3582
1958,yangeosforz5,32599,3582
1959,pixelpointjp,32599,3874
1960,decentralize,32583,3574
1961,gu4temjvgege,32457,4182
1962,lixiaojun233,32333,3902
1963,gq4dcnbvgege,32250,4674
1964,ge2tsmjwgqge,32142,31478
1965,montinizzzzz,32028,3686
1966,giydambthege,31983,4414
1967,ge4tsnbugyge,31867,6402
1968,maomao521521,31781,3854
1969,myeostokener,31660,3574
1970,hellonobody2,31574,2996
1971,gizdmobqgege,30760,4214
1972,gyzdamjvgmge,30745,4502
1973,gmztmmbxg4ge,30686,3686
1974,haytmnzyguge,30628,4994
1975,timenowcomes,30562,3328
1976,codingcrypto,30555,2996
1977,adminaccount,30552,3446
1978,ha4dgnjuguge,30377,8358
1979,eos111555111,30307,3454
1980,registeruser,30145,2996
1981,555555qazwsx,30054,3574
1982,g4ytomzwhage,29975,3574
1983,g4ydomrygene,29766,4174
1984,candyairdrop,29751,3430
1985,eosqingyiyu1,29742,4406
1986,hazdenbsgege,29596,17718
1987,gyzdemzyhage,29268,3574
1988,g44donrqgage,29180,4158
1989,gy4tembygyge,29094,9954
1990,gq4toojvgqge,29068,8178
1991,bigbluewhale,28954,5076
1992,eoschinafans,28935,7202
1993,fuyuqifuyuqi,28900,3124
1994,deepureoneos,28876,3446
1995,ha2tcobtgege,28792,4174
1996,ha3dcnzqguge,28707,3838
1997,aus1genereos,28612,4152
1998,liuyifeixixi,28574,3742
1999,g4ztamrvgige,28569,4510
2000,guydknbqgage,28541,3814
2001,eosbitportal,28417,3894
2002,eosyslievink,28417,4182
2003,gm3tmnzuhege,28401,10926
2004,danslisteos1,28398,3822
2005,luoyuanhang1,28376,3582
2006,hezdqnrzguge,28270,3734
2007,heytknrtgage,28219,6726
2008,gq4tanbtgige,28208,3606
2009,gi3tkojtgqge,28188,8550
2010,g4ydoojzgege,28102,4142
2011,fujianfuzhou,28044,3734
2012,ha4dcnbwhage,28032,4406
2013,eosisjustice,27956,3774
2014,gu4diojsgage,27875,8518
2015,ge4dmmbwgage,27854,4434
2016,heydcmrug4ge,27850,21446
2017,ubckpuweicai,27822,3822
2018,gi3temjvgqge,27802,3846
2019,eospeterhuzq,27673,3574
2020,parleosbrave,27588,2996
2021,gm3demjzgige,27512,4174
2022,amberzhao123,27453,3574
2023,xxchinapayxx,27395,3574
2024,haytcnzsg4ge,27282,7926
2025,liucaidong51,27158,2996
2026,gu4danzygyge,27140,4998
2027,xxxxx21xxxxx,26954,3574
2028,ekyangekyang,26866,5822
2029,gyytkmztgage,26699,4778
2030,g4ydsnbrguge,26656,3446
2031,itleakstoken,26632,4654
2032,g4ytambrgmge,26484,5800
2033,bigmikeeosio,26324,4061
2034,inbxiaoqiang,26243,8534
2035,vleeeosstore,26217,3574
2036,gy3tcnrzg4ge,26125,3574
2037,eosiovkchina,26104,4994
2038,geztcmjsgage,25832,9254
2039,1.21121E+11,25774,3574
2040,liupengjieos,25737,3574
2041,eosvrmanager,25735,3364
2042,wangdenghui1,25554,4390
2043,eoscoreproxy,25465,3446
2044,gqytgnjshage,25379,22702
2045,gi2dqobvgyge,25264,14790
2046,protokenbank,25227,4646
2047,123123oooooo,25137,3686
2048,zhangrzoooo1,25083,3590
2049,eosnameworld,25061,3574
2050,tristan11111,24990,3574
2051,g43tqmrtgege,24737,3710
2052,gu4donrtgmge,24726,4238
2053,gu3donrvguge,24678,3574
2054,wangmingyuan,24589,3574
2055,eoscannonchn,24572,4629
2056,wehaveadream,24553,3622
2057,yuanyouliaaa,24464,4286
2058,4.44444E+11,24446,3124
2059,loveluwei123,24312,3574
2060,hiliyongzeng,24109,4286
2061,chinaeosllkj,24048,4310
2062,ggg111111111,24024,4414
2063,popeyalovexi,23988,3574
2064,alibazwaiyue,23829,3582
2065,wangchong432,23718,4174
2066,yuhongyuhong,23708,3574
2067,1.13355E+11,23708,3734
2068,haydanbrgege,23665,4958
2069,ge2dqnzrgige,23484,3590
2070,g44tqmrugmge,23470,3574
2071,gezdmobuguge,23442,3846
2072,gy3tanrxgege,23414,7670
2073,lovecutelove,23178,4066
2074,hazdimrsgqge,23153,14926
2075,guqianfeng11,23010,3846
2076,swftcoinight,22996,2996
2077,ha2tqmbzguge,22945,22792
2078,resound12345,22832,3446
2079,cannonproxy1,22664,3454
2080,gy2tkoagenes,22607,9894
2081,gezdanzsg4ge,22492,3614
2082,guydgnjygige,22176,6894
2083,gi2dcobtg4ge,21931,15478
2084,cryptoswords,21920,2996
2085,oraclechaing,21920,2996
2086,oraclechaint,21920,2996
2087,oraclemarket,21920,2996
2088,octoneosgogo,21920,2996
2089,octtothemoon,21920,2996
2090,oraclechain3,21920,2996
2091,oraclechain5,21920,2996
2092,xxxxxxoooooo,21548,3446
2093,geydknbvgige,21286,4898
2094,haztonbrgmge,21272,3622
2095,ha4tcmzuhage,21271,3814
2096,heytmnzrgige,21269,3574
2097,gizteojwgene,21268,3814
2098,haytgnzvg4ge,21266,3630
2099,gy4tcnzqhege,21262,3814
2100,gezdsmzygmge,21261,3606
2101,gu4tmnagenes,21259,5378
2102,hezdomzugege,21254,5558
2103,g43timrzgege,21254,5014
2104,buildaccount,21245,4414
2105,gqytonagenes,21243,3974
2106,gqztenjzgege,21212,16512
2107,crucialcombr,20987,4334
2108,g44tgnbugage,20975,4174
2109,g44tmmbugege,20963,3662
2110,bluedoraemon,20838,3446
2111,eoschina4444,20814,3814
2112,gi4tonjqgyge,20713,3954
2113,germanyeosio,20640,3574
2114,ha4deojuhege,20598,8074
2115,youzicapital,20533,3814
2116,myeospockets,20462,4414
2117,interconnect,20380,2996
2118,eosdapptoken,20377,3328
2119,rainnowcomes,20375,3328
2120,createwallet,20373,2996
2121,gy2dcnbtgage,20111,4174
2122,ha4tgnrrgege,20090,10356
2123,xteosqianbao,19899,3446
2124,gyztqobxg4ge,19888,4707
2125,mrhowdoyoudo,19849,4174
2126,eoslovepiasy,19792,4182
2127,kaneflysky55,19716,4398
2128,bitfinexdep1,19667,14500
2129,flyingflying,19664,2996
2130,aianrong1314,19193,4174
2131,gi2tomjwgene,19143,8062
2132,iostinyleosx,19129,3446
2133,eoshuawei123,18812,3124
2134,jerome111111,18775,4226
2135,hbbhbbhbbhbb,18762,3446
2136,lucan1gogogo,18720,3574
2137,gzeoszw12345,18703,3574
2138,gy3dmnzxgmge,18475,5406
2139,ge2dsmbxg4ge,18347,3574
2140,masquerade12,18252,3446
2141,gu2tomzvhege,18235,3598
2142,heydaobug4ge,18228,3654
2143,liberty11111,18217,5014
2144,gy2tsmbugage,18208,4174
2145,balabalabala,18202,3574
2146,myeoszzalloo,18168,3446
2147,gizdsmrwgene,18166,3978
2148,bitfinexcw11,18043,3666
2149,bitfinexcw12,18025,3666
2150,bitfinexcw13,18025,3666
2151,bitfinexcw14,18025,3216
2152,bitfinexvp11,18006,3198
2153,bitfinexvp12,18006,3214
2154,bitfinexvp13,18006,3230
2155,haytqnbugage,17931,10710
2156,helloworlder,17930,11690
2157,haydknzthege,17795,3922
2158,heztamjvgege,17762,4174
2159,ha4tsmzxgege,17723,3846
2160,gm4dqnbrgege,17638,3574
2161,hazdaojqgege,17604,4190
2162,lyd111111111,17509,3606
2163,ssxsttt12345,17448,3574
2164,gy2tooigenes,17440,8118
2165,lizhiyong123,17367,3574
2166,rolikaccount,17247,3734
2167,toplessgirls,17191,3446
2168,eostoken1111,17112,5006
2169,gmytamjzhege,17015,13219
2170,g43tsnbygqge,16972,9494
2171,eoscnshanjie,16959,4014
2172,groupbuildup,16796,3446
2173,gqydmmjsg4ge,16723,4398
2174,ge2deobtgige,16583,4626
2175,gyzdcnrugige,16493,4107
2176,eoscapitalhk,16437,2996
2177,oxeospacific,16437,2996
2178,eospacificch,16437,2996
2179,eospacificsz,16437,2996
2180,pacificchain,16437,2996
2181,eospacifichk,16437,2996
2182,eosfundchina,16437,2996
2183,nodepacificx,16437,2996
2184,pacificblock,16437,2996
2185,eosmedinodes,16436,3320
2186,eospathmaker,16392,3906
2187,freedomfergo,16392,3906
2188,oioioioioioi,16390,3906
2189,teretulemast,16386,3906
2190,radicalobdnc,16380,3906
2191,he3digenesis,16333,5318
2192,gzeosgotosky,16327,3686
2193,costaricaeos,16302,3324
2194,eosvekichina,16298,3440
2195,ha2taobvhage,16296,4518
2196,forgotmyname,16296,2996
2197,cosmovati4ek,16295,5654
2198,xgarylowderx,16293,2996
2199,taishaneosio,16197,3124
2200,workcoinfred,16182,4094
2201,g44dknjsgqge,16163,4146
2202,eosmastereos,16121,4156
2203,gmzdanrsgige,16097,3814
2204,g4ydenjwg4ge,16001,3870
2205,gyytsojrhege,15726,4526
2206,gu3dgnzzguge,15725,3906
2207,efab11222211,15586,3894
2208,eoszzzeoszzz,15532,4000
2209,gyydmnjsgqge,15479,5662
2210,ppppppcccccc,15476,3734
2211,xxxxxxxxxxyz,15458,6534
2212,gmydmmrthege,15430,10466
2213,gi2dmmygenes,15366,8218
2214,teholbeddict,15178,3734
2215,gu3tqnbxgege,15131,4958
2216,baidugoogle1,15128,7418
2217,weifengjiang,15079,3124
2218,floatingbear,15044,3446
2219,eosengine123,15038,3574
2220,geztmmzqhege,15004,11190
2221,g42dsnrzgyge,14987,6554
2222,fujundong124,14950,4178
2223,gi3dsmzygige,14945,5958
2224,gqzdsojzg4ge,14814,10358
2225,geydsmrvgene,14789,3798
2226,gm3tsmbqhage,14769,4942
2227,eosiodrizzle,14754,3446
2228,guytanrwgage,14709,6186
2229,gmztkmbwgmge,14708,10446
2230,geztsnjvhege,14708,3614
2231,geytgojrgyge,14708,4478
2232,gi4dmmbtgene,14707,9570
2233,gyytgmbrgege,14706,4014
2234,giydcmbxgage,14706,4982
2235,gu2timjtgmge,14705,3642
2236,gq4tkmzrhege,14704,3582
2237,ha4toobtgqge,14703,3606
2238,gu3tqnbtgmge,14702,9126
2239,abcdefabcdef,14700,7706
2240,ilovechengdu,14699,3574
2241,gq3tamzugyge,14698,5410
2242,g44tsnztgyge,14697,4490
2243,gqydcmbzgege,14693,5846
2244,isaacnewton5,14671,2996
2245,blockchain31,14666,3574
2246,gyztqnjzgege,14664,3846
2247,wangxi111111,14662,4174
2248,gq3tgmjwgige,14647,3814
2249,gu3dinrthage,14581,4294
2250,gu3dmnzvgqge,14574,4090
2251,haztkmbrgqge,14507,4414
2252,g43tmmbqgige,14494,4494
2253,gotobilibili,14479,3446
2254,gi2tknrwgene,14478,14090
2255,lijianwallet,14455,4086
2256,gm4dgmbwgige,14408,5202
2257,gu4dqmzxhage,14406,4810
2258,gyytemzugege,14391,4174
2259,hematechhema,14308,2996
2260,hippoholding,14308,2996
2261,coinx11coinx,14308,2996
2262,hippopay1111,14308,2996
2263,syl4handsome,14265,4730
2264,lisenyuan555,14237,3446
2265,g4ztcmrvgmge,14206,4206
2266,ge3timrwgqge,14195,5326
2267,jiuhuang1234,14171,4916
2268,ha2dmnzrgige,14154,7926
2269,idragonkings,14150,3574
2270,g44dsnjvgmge,14133,4206
2271,gm2diobtgmge,14132,4358
2272,gy3tanzug4ge,14130,7774
2273,gyztemrsguge,14125,5254
2274,houjingwei12,14119,5329
2275,zjuniversity,14108,4566
2276,nodegraphene,14058,4374
2277,heztanjwgige,13975,4342
2278,g4zdcnrugyge,13883,6288
2279,gyydmnjsg4ge,13869,6106
2280,gu3tcnrqhege,13865,10613
2281,g43tsmrqhage,13831,8082
2282,g43dgoigenes,13823,8974
2283,haydenbygige,13817,4198
2284,chinapsyfx11,13806,4334
2285,g44dimrygige,13775,11318
2286,gy3dinygenes,13771,5374
2287,g4ydanjvgyge,13732,3970
2288,g4zdcnryg4ge,13707,3846
2289,wangsen12345,13550,2996
2290,gy2dmmzwg4ge,13535,12218
2291,gu3dsnjtgage,13521,6310
2292,ha3tkmjugage,13494,5113
2293,haytsnrzg4ge,13491,3814
2294,eosassetfund,13473,3574
2295,gyzdomjwg4ge,13461,3606
2296,ge2damzvgege,13456,4090
2297,aaaaaaaa1111,13438,3574
2298,hezdsnzuhage,13421,5206
2299,heytonbrgmge,13395,3446
2300,laojiucai123,13387,3446
2301,haydinruhage,13385,7618
2302,ha3tsnrqg4ge,13304,3574
2303,qxeosqxeosbp,13238,5096
2304,slalryyrlals,13218,4070
2305,ha4tsojxgqge,13212,8742
2306,hjmflytomoon,13176,3574
2307,eoswanbihou1,13134,2996
2308,winlinwinlin,13134,2996
2309,eoschaojijun,13134,2996
2310,bitcoingod11,13133,3329
2311,blockcceosio,13133,3789
2312,eostestaddr1,13123,4406
2313,qudongshijie,13121,3574
2314,chinapsyfx12,13115,3446
2315,ha4tamrwgqge,13095,3574
2316,gy4tamrvgage,13094,8678
2317,fengyuanchun,13094,3814
2318,g4ytinbwgege,13062,4358
2319,chengxiaohui,13021,3574
2320,eoswangruiio,13010,3614
2321,gy4tmnzsgene,13007,4246
2322,gu2tsnjqguge,12828,3894
2323,g42dknrshege,12820,5334
2324,gu3dcnbzgyge,12815,10486
2325,heytenbzgige,12809,3590
2326,imluozhoubin,12719,3124
2327,gongdongdong,12701,4174
2328,gy4dqojtg4ge,12699,5442
2329,eos112112112,12643,3574
2330,gy4tmnjsgqge,12582,4246
2331,willyfantasy,12561,3574
2332,gq4dkmbxhege,12501,8526
2333,haytmnjwgyge,12498,3814
2334,bitfinexsig5,12448,3454
2335,bitfinexsig1,12448,4055
2336,bitfinexsig2,12448,3446
2337,haytqnrygage,12420,3446
2338,ha4timbxgage,12391,7474
2339,hezdaojzhege,12361,4974
2340,eossupereric,12329,3124
2341,ge4dmnzqgyge,12294,4950
2342,eliangwallet,12255,3574
2343,hezdcojzgyge,12242,7551
2344,flyeoser5555,12225,2996
2345,xiaodenglong,12224,2996
2346,xiaoyuan1314,12180,2996
2347,alphafinance,12121,4526
2348,gu2dsmbrgage,12092,7890
2349,haytonbwgage,12079,3622
2350,zhengjinhua1,12043,6654
2351,twtyygy12345,12039,3446
2352,g44temrxgqge,12035,4958
2353,selftokenapp,12007,4246
2354,lotterybyeos,11973,3446
2355,bigdipper111,11967,3702
2356,gy3dcmjwhege,11951,4254
2357,geztanjwgyge,11746,3814
2358,guztqmrrgyge,11634,5770
2359,blueearth111,11618,3774
2360,gqzdcmbygage,11522,4190
2361,eosgovernors,11476,3582
2362,shenzhenwang,11453,3124
2363,eostechboost,11444,3918
2364,infinitotest,11426,3124
2365,amazingeosio,11423,3446
2366,guydsnbwgqge,11421,5910
2367,eostradecoin,11421,4934
2368,guytmmrtgage,11408,7582
2369,eos333eos333,11340,3814
2370,heztamzrgqge,11319,10322
2371,alexspearoh1,11296,2996
2372,gm4dcnbwgege,11244,7518
2373,g43tmmrqguge,11128,4686
2374,gu4tenjyg4ge,11091,4591
2375,stringtheory,11076,3124
2376,guydgnzwgyge,11020,3670
2377,cooooooooooo,10913,3686
2378,gi4tgnbugene,10850,3686
2379,barryzhang55,10760,3614
2380,ha4tamrwgege,10715,3814
2381,ha4tsnjxgqge,10686,4318
2382,g4ytomjvgege,10655,5366
2383,aixiaoguozhi,10630,4374
2384,chinesecanon,10623,2996
2385,eosqiobpoops,10622,7479
2386,dalangtaosha,10616,4550
2387,eosvip111111,10594,3686
2388,welovecaohai,10594,7406
2389,eoshshanshan,10591,3686
2390,bitcoineosio,10589,3686
2391,lixiaolineos,10589,2996
2392,geydknrqg4ge,10580,4414
2393,gy4toobthage,10539,4518
2394,nikejustdoit,10517,2996
2395,gi3taojshege,10469,5626
2396,eosteaeostea,10449,3897
2397,oneworld1234,10403,3694
2398,zonglei55555,10377,3574
2399,guzdkmzugmge,10375,4202
2400,g44donrvgmge,10280,4046
2401,xidadaxidada,10276,3574
2402,gy3denjvgege,10262,9310
2403,cooljadepool,10261,4502
2404,ifunarp12345,10220,3686
2405,g4ydinjyguge,10215,3446
2406,misakamikoto,10205,3846
2407,xueqiueos123,10199,3902
2408,eosiovvvvvvv,10197,3446
2409,eosmorecandy,10194,3446
2410,blockgenicbp,10192,3322
2411,tencenteos11,10190,2996
2412,affectionate,10189,2996
2413,testgambling,10189,4922
2414,coderinchain,10189,2996
2415,eoswtzeoswtz,10188,3324
2416,betterfuture,10188,2996
2417,cryptofuture,10188,2996
2418,rowdyruckus1,10187,2996
2419,tokentoken12,10186,3328
2420,zhongguokeji,10186,2996
2421,gq4dkmzuhege,10184,3446
2422,gy2dgmbxgmge,10158,3598
2423,eoxeoxeoxpre,10156,2996
2424,gyztkobzgmge,10155,4614
2425,gyztsojzgmge,10132,8166
2426,g44temzzhage,10122,3894
2427,haztcojshage,10119,4178
2428,eos4creation,10112,4054
2429,eosyangzuoqi,10069,3574
2430,obermuellner,10066,3874
2431,1thefull2bot,10065,3734
2432,fritzenstein,10062,3874
2433,fratzenstein,10059,3874
2434,santacruzeos,10024,3574
2435,eospioneer11,10020,3124
2436,heydmmrugage,10003,3574
2437,1worldoneeos,10001,3926
2438,gy3tsmzqgige,10000,4174
2439,kimihuang131,10000,4334
2440,abbreviation,9999,3574
2441,gq3diojtgege,9997,3906
2442,gq2tamzzgige,9975,3906
2443,qingdaochina,9939,3696
2444,bishengtopex,9938,3364
2445,islandhopper,9817,3236
2446,hanningchina,9799,2996
2447,qzhsqrrvygot,9798,4118
2448,delitahyrall,9797,3906
2449,qiutianyueos,9795,2996
2450,eosiougstudy,9794,3574
2451,fa2222222222,9791,3910
2452,g4ydqobvg4ge,9788,4667
2453,fuckamerican,9758,4054
2454,guytgnzzg4ge,9740,5262
2455,xiaoxiaopang,9716,3574
2456,eoswonderful,9634,3550
2457,jrrcryptoeos,9624,3901
2458,buchujuseven,9617,3236
2459,worldcupplay,9616,2996
2460,guest1111111,9613,3328
2461,1.11111E+11,9613,3906
2462,roshan45sant,9610,3574
2463,zhouhuayang1,9609,3574
2464,starteosiobp,9608,3325
2465,eos222222221,9599,2996
2466,cochainchina,9598,2996
2467,eoszhangjian,9562,3174
2468,eosioddztest,9521,3124
2469,gerryduan123,9505,4227
2470,heidoueos123,9455,3574
2471,gi4teojvg4ge,9454,4570
2472,gqztkmjsguge,9452,5134
2473,gezdmmrqguge,9402,3574
2474,he2dgnygenes,9371,4518
2475,tiangua1baby,9350,2996
2476,eosgablalibb,9348,3838
2477,tristaneos11,9324,3446
2478,firepanda111,9314,4754
2479,ejiangnannan,9310,3446
2480,eosflytomoon,9283,4453
2481,ha2tkmzsgege,9271,4638
2482,gyztqnrug4ge,9250,8254
2483,gengyao12345,9205,3364
2484,eosabc123abc,9179,3574
2485,gezdqmbsgige,9178,7627
2486,tunglokgroup,9171,2996
2487,bancopopular,9171,2996
2488,dairyfarmers,9171,2996
2489,crownpilsner,9171,2996
2490,canadiantire,9171,2996
2491,emaillimited,9171,2996
2492,crystallight,9171,2996
2493,clariusgroup,9171,2996
2494,nastroazzuro,9171,2996
2495,perkinspaste,9171,2996
2496,quanticdream,9171,2996
2497,smorgonsteel,9171,2996
2498,lanecrawford,9169,2996
2499,allianzbrand,9169,2996
2500,beelinebrand,9169,2996
2501,aspirinbrand,9169,2996
2502,mauriceateos,9167,3574
2503,aramarkateos,9162,2996
2504,cinemaxateos,9162,2996
2505,cumminsateos,9162,2996
2506,fostersateos,9162,2996
2507,porscheateos,9162,2996
2508,pirelliateos,9162,2996
2509,googolgoogle,9135,3630
2510,sunwukong111,9135,2996
2511,heytqnzzgige,9120,4757
2512,gqydgobqgqge,9095,4186
2513,sunwukong123,9090,4916
2514,mengpengpipi,9083,3746
2515,rocktheworld,9071,3962
2516,treeofsavior,9071,3978
2517,eonfoundatio,9050,3364
2518,sunjiahui123,9046,4174
2519,haydanzygige,9040,4902
2520,tinyultsssss,9039,4238
2521,gu2demjrhege,9000,4190
2522,v2zdadvhm325,8938,3574
2523,g42dmobtgqge,8927,4174
2524,holcoineosio,8927,3124
2525,attackexpert,8905,2996
2526,niezhixuan11,8896,2996
2527,exchangegdax,8858,4118
2528,g4zdgmjsgmge,8807,5254
2529,gqytgnjsguge,8806,3614
2530,ha4tsmrzgage,8805,7806
2531,ooxxooxxooxx,8804,4118
2532,gu3tomzwg4ge,8801,3734
2533,hotbitshouyi,8800,3446
2534,gy4dqnbsgqge,8797,5530
2535,g4ztgobzhege,8796,4206
2536,haorenshilcj,8796,3574
2537,caowangchina,8781,6774
2538,gu4tombzgige,8749,5798
2539,gi4dsnjvgege,8741,4078
2540,xnetaccounts,8730,7374
2541,cryptonauta1,8694,3470
2542,wenlingchina,8649,2996
2543,tianmaochina,8649,2996
2544,ha2tkmrsgige,8616,4478
2545,dulimin12345,8597,3734
2546,haydanrugene,8591,4414
2547,bcyangguang5,8561,4054
2548,gu4tqmjxgmge,8463,4054
2549,come2dapplay,8447,3574
2550,eosdatingapp,8444,3446
2551,hoo123wallet,8336,3364
2552,tokenbankpro,8301,3574
2553,shangweibuzu,8274,3686
2554,zhangyuhu123,8253,3124
2555,walletsafilo,8240,3574
2556,ha4tomruguge,8208,3582
2557,g44tinrygyge,8208,4178
2558,ha3tgmzzhage,8192,4922
2559,ge4dombrgqge,8192,4692
2560,eosqiogogogo,8191,8083
2561,g44dmnzygyge,8189,6534
2562,ha4doobtgege,8181,4262
2563,gm3tsobqgmge,8180,7894
2564,sleepwalking,8171,3574
2565,coltonrobtoy,8169,4318
2566,ubuntuubuntu,8163,4094
2567,b1,8157,3558
2568,heztcnjuhege,8157,3446
2569,heztcnjug4ge,8157,3446
2570,heytanjqgege,8157,3446
2571,heytanbzguge,8157,3446
2572,heytanbygege,8157,3446
2573,heytanbxguge,8157,3446
2574,heytanbxgage,8157,3446
2575,heytanbwgqge,8157,3446
2576,heytanbvguge,8157,3446
2577,heytanbvgege,8157,3446
2578,heytanbuhege,8157,3446
2579,heytanbugqge,8157,3686
2580,heytanbtg4ge,8157,3446
2581,heytanbtgige,8157,3446
2582,heytanbsgyge,8157,3446
2583,heytanbsguge,8157,3446
2584,heytanbsgqge,8157,3446
2585,heytanbrhage,8157,3446
2586,heytanbrgmge,8157,3446
2587,heytanbrgige,8157,3446
2588,heytanbrgage,8157,3446
2589,heytanbqgqge,8157,3446
2590,heytanbqgege,8157,3446
2591,heytanbqgage,8157,3786
2592,heytamzzhege,8157,3446
2593,heytamzzhage,8157,3446
2594,heytamzzgqge,8157,3446
2595,heytamzzgmge,8157,3446
2596,heytamzyhege,8157,3446
2597,heytamzxhage,8157,3446
2598,heytamzxgyge,8157,3446
2599,heytamzxguge,8157,3446
2600,heytamzwg4ge,8157,3446
2601,heytamzwgige,8157,3446
2602,heytamzvgqge,8157,3446
2603,heytamzvgage,8157,3446
2604,heytamzugyge,8157,3446
2605,heytamzugqge,8157,3446
2606,heytamzugige,8157,3446
2607,heytamztg4ge,8157,3446
2608,heytamztgege,8157,3446
2609,heytamztgage,8157,3446
2610,heytamzshege,8157,3446
2611,heytamzrhege,8157,3446
2612,heytamzrgyge,8157,3446
2613,heytamzrgmge,8157,3446
2614,heytamzrgige,8157,3446
2615,heytamzqgyge,8157,3446
2616,heytamzqgqge,8157,3446
2617,ha4denztgige,8157,3446
2618,ha4denztgege,8157,3446
2619,ha4denztgage,8157,3446
2620,ha4denzsgqge,8157,3446
2621,ha4denzsgmge,8157,3718
2622,ha4denzrhege,8157,3446
2623,ha4denzrhage,8157,3446
2624,ha4denzrgyge,8157,3446
2625,ha4denzrgqge,8157,3446
2626,ha4denzrgege,8157,3446
2627,ha4denzrgage,8157,3446
2628,ha4denzqg4ge,8157,3446
2629,ha4denrzhage,8157,3446
2630,ha4denrzgige,8157,3446
2631,ha4denrzgege,8157,3446
2632,ha4denrygige,8157,3446
2633,ha4denrxguge,8157,3446
2634,ha4denrxgege,8157,3446
2635,ha4denrwguge,8157,3446
2636,ha4denrvhege,8157,3678
2637,ha4denrvgqge,8157,3446
2638,ha4denrugyge,8157,3446
2639,ha4denrugqge,8157,3446
2640,ha4denrugege,8157,3446
2641,ha4denrthege,8157,3446
2642,ha4denrtg4ge,8157,3446
2643,ha4denrsg4ge,8157,3446
2644,ha4denrsguge,8157,3446
2645,ha4denrrhege,8157,3446
2646,ha4denrrhage,8157,3446
2647,ha4denrrgige,8157,3446
2648,ha4denrqhege,8157,3446
2649,ha4denrqhage,8157,3446
2650,ha4denrqguge,8157,3446
2651,ha4denjzgage,8157,3446
2652,ha4denjyg4ge,8157,3446
2653,ha4denjygqge,8157,3446
2654,ha4denjygage,8157,3446
2655,ha4denjxhege,8157,3446
2656,ha4denjxgqge,8157,3446
2657,ha4denjxgige,8157,3446
2658,ha4denjxgege,8157,3446
2659,ha4denjwhege,8157,3446
2660,ha4denjwgqge,8157,3446
2661,ha4denjwgege,8157,3446
2662,ha4denjvhege,8157,3446
2663,ha4denjvg4ge,8157,3446
2664,ha4denjvgage,8157,3446
2665,ha4denjugqge,8157,4046
2666,ha4denjugige,8157,3462
2667,ha4denjtgyge,8157,3446
2668,ha4denjtgege,8157,3446
2669,ha4denjtgage,8157,3446
2670,ha4denjsg4ge,8157,3446
2671,ha4denjrhege,8157,3446
2672,ha4denjrgmge,8157,3446
2673,ha4denjqhege,8157,3446
2674,ha4denjqhage,8157,3446
2675,ha4denjqgyge,8157,3446
2676,ha4denjqguge,8157,3446
2677,ha4denjqgige,8157,3446
2678,ha4denjqgage,8157,3446
2679,ha4denbzgyge,8157,3446
2680,ha4denbzgqge,8157,3446
2681,ha4denbyg4ge,8157,3446
2682,ha4denbygyge,8157,3446
2683,ha4denbxhage,8157,3446
2684,ha4denbxgqge,8157,3446
2685,ha4denbxgige,8157,3446
2686,ha4denbxgege,8157,3446
2687,ha4denbwhage,8157,3446
2688,ha4denbwguge,8157,3446
2689,ha4denbvhege,8157,4046
2690,ha4denbvhage,8157,3446
2691,ha4denbvgyge,8157,3446
2692,ha4denbvguge,8157,3446
2693,ha4denbvgege,8157,3446
2694,ha2tambugqge,8157,3446
2695,ha2tambthege,8157,3446
2696,ha2tambtg4ge,8157,3446
2697,ha2tambtgqge,8157,3446
2698,ha2tambtgage,8157,3446
2699,ha2tambsguge,8157,3446
2700,ha2tambsgage,8157,3446
2701,ha2tambrgyge,8157,3446
2702,ha2tambqgage,8157,3446
2703,ha2dsojzhage,8157,3446
2704,ha2dsojyhege,8157,3446
2705,ha2dsojygmge,8157,3446
2706,ha2dsojxgqge,8157,3446
2707,ha2dsojwhege,8157,3446
2708,ha2dsojwhage,8157,3446
2709,ha2dsojwguge,8157,3446
2710,ha2dsojwgqge,8157,3446
2711,ha2dsojvhage,8157,3446
2712,ha2dsojugyge,8157,3446
2713,ha2dsojugqge,8157,3446
2714,ha2dsojsgmge,8157,3446
2715,ha2dsojqhege,8157,3470
2716,ha2dsojqguge,8157,3446
2717,ha2dsojqgmge,8157,3446
2718,ha2dsojqgage,8157,3446
2719,ha2dsobyg4ge,8157,3446
2720,ha2dsobygyge,8157,3486
2721,ha2dsobxgqge,8157,3446
2722,ha2dsobwhege,8157,3446
2723,ha2dsobvguge,8157,3446
2724,ha2dsobvgage,8157,3446
2725,ha2dsobtguge,8157,3446
2726,ha2dsobtgmge,8157,3446
2727,ha2dsobtgege,8157,3446
2728,ha2dsobsgyge,8157,3446
2729,ha2dsobrgmge,8157,3446
2730,ha2dsobqguge,8157,3446
2731,ha2dsobqgege,8157,3446
2732,ha2dsnzzgqge,8157,3446
2733,ha2dsnzzgmge,8157,3446
2734,ha2dsnzyg4ge,8157,3446
2735,ha2dsnzygege,8157,3446
2736,ha2dsnzxgqge,8157,3446
2737,ha2dsnzugmge,8157,3446
2738,ha2dsnzugage,8157,3446
2739,ha2dsnzqhage,8157,3446
2740,ha2dsnzqg4ge,8157,3446
2741,ha2dsnzqgqge,8157,3446
2742,ha2dsnzqgmge,8157,3446
2743,ha2dsnrzhage,8157,3446
2744,ha2dsnryhage,8157,3446
2745,ha2dsnrxgmge,8157,3454
2746,ha2dsnrxgige,8157,3446
2747,ha2dsnrwgege,8157,3446
2748,ha2dsnrvhege,8157,3446
2749,ha2dsnrvg4ge,8157,3446
2750,ha2dsnrvgmge,8157,3446
2751,ha2dsnrvgige,8157,3446
2752,ha2dsnrugqge,8157,3446
2753,ha2dsnrtgmge,8157,3446
2754,ha2dsnrtgage,8157,3446
2755,ha2dsnrrgqge,8157,3446
2756,ha2dsnrrgige,8157,3446
2757,ha2dsnrqhege,8157,3446
2758,ha2dsnrqhage,8157,4286
2759,ha2dsnjzhege,8157,3446
2760,ha2dsnjzhage,8157,3446
2761,ha2dsnjyhage,8157,3446
2762,ha2dsnjygyge,8157,3446
2763,ha2dsnjxg4ge,8157,3446
2764,ha2dsnjxgyge,8157,3446
2765,ha2dsnjwgage,8157,3446
2766,ha2dsnjvg4ge,8157,3446
2767,ha2dsnjuguge,8157,3446
2768,hezdgmzyg4ge,8156,3446
2769,hezdgmzygqge,8156,3446
2770,hezdgmzygmge,8156,3446
2771,hezdgmzygage,8156,3446
2772,hezdgmzxhege,8156,3446
2773,hezdgmzxgyge,8156,3446
2774,hezdgmzxgmge,8156,3446
2775,hezdgmzxgege,8156,3446
2776,hezdgmzwg4ge,8156,3446
2777,hezdgmzvg4ge,8156,3446
2778,hezdgmzvgyge,8156,3446
2779,hezdgmzvguge,8156,3446
2780,hezdgmzvgmge,8156,3446
2781,hezdgmzvgige,8156,3446
2782,hezdgmzvgege,8156,3446
2783,hezdgmzvgage,8156,3446
2784,hezdgmzuhege,8156,3446
2785,hezdgmzug4ge,8156,3446
2786,hezdgmzugmge,8156,3446
2787,hezdgmzthege,8156,3446
2788,hezdgmzthage,8156,3446
2789,hezdgmztgyge,8156,3446
2790,hezdgmztgmge,8156,3446
2791,hezdgmztgage,8156,3446
2792,hezdgmzshege,8156,3446
2793,hezdgmzsgqge,8156,3446
2794,hezdgmzsgmge,8156,3446
2795,hezdgmzsgege,8156,3446
2796,hezdgmzsgage,8156,3446
2797,hezdgmzrgqge,8156,3446
2798,hezdgmzrgage,8156,3446
2799,hezdgmzqhege,8156,3446
2800,hezdgmzqhage,8156,3446
2801,hezdgmzqgyge,8156,3446
2802,hezdgmzqgige,8156,3446
2803,hezdgmzqgege,8156,3446
2804,hezdgmzqgage,8156,3446
2805,hezdgmrzhege,8156,3446
2806,hezdgmrzhage,8156,3446
2807,hezdgmrzgqge,8156,3446
2808,hezdgmrzgmge,8156,4046
2809,hezdgmrzgege,8156,3446
2810,hezdgmryhege,8156,3446
2811,hezdgmryg4ge,8156,3446
2812,hezdgmrygyge,8156,3446
2813,hezdgmryguge,8156,3446
2814,hezdgmrygqge,8156,3446
2815,hezdgmrygage,8156,3446
2816,hezdgmrxhege,8156,3446
2817,hezdgmrxgyge,8156,3446
2818,hezdgmrxguge,8156,3446
2819,hezdgmrxgqge,8156,3446
2820,hezdgmrxgige,8156,3446
2821,hezdgmrxgage,8156,3574
2822,hezdgmrwhage,8156,4286
2823,hezdgmrwgqge,8156,3446
2824,hezdgmrwgige,8156,3446
2825,hezdgmrwgege,8156,3446
2826,hezdgmrvhage,8156,3446
2827,hezdgmrvg4ge,8156,3446
2828,hezdgmrvgyge,8156,3446
2829,hezdgmrvgqge,8156,3446
2830,hezdgmruhege,8156,3446
2831,hezdgmruhage,8156,3446
2832,hezdgmrug4ge,8156,3446
2833,hezdgmruguge,8156,3446
2834,hezdgmrugqge,8156,4094
2835,hezdgmrugmge,8156,3446
2836,hezdgmrugige,8156,3446
2837,hezdgmrtg4ge,8156,3446
2838,hezdgmrshege,8156,3446
2839,hezdgmrshage,8156,3446
2840,hezdgmrsg4ge,8156,3446
2841,hezdgmrsguge,8156,3446
2842,hezdgmrsgmge,8156,3446
2843,hezdgmrsgige,8156,3446
2844,hezdgmrrhege,8156,3446
2845,hezdgmrrhage,8156,3638
2846,hezdgmrrg4ge,8156,3446
2847,hezdgmrrgqge,8156,3446
2848,hezdgmrrgige,8156,3446
2849,hezdgmrrgege,8156,3446
2850,hezdgmrrgage,8156,3446
2851,hezdgmrqhege,8156,3446
2852,hezdgmrqgyge,8156,3446
2853,hezdgmrqguge,8156,3446
2854,hezdgmrqgmge,8156,3606
2855,hezdgmrqgige,8156,3446
2856,hezdgmrqgege,8156,3446
2857,hezdgmjzhage,8156,3446
2858,hezdgmjzgyge,8156,3446
2859,hezdgmjyhage,8156,3446
2860,hezdgmjyg4ge,8156,3446
2861,hezdgmjygyge,8156,3446
2862,hezdgmjygmge,8156,3446
2863,hezdgmjygage,8156,3446
2864,hezdgmjxg4ge,8156,3446
2865,hezdgmjxguge,8156,3446
2866,hezdgmjxgqge,8156,3446
2867,hezdgmjxgige,8156,3446
2868,hezdgmjwhege,8156,3446
2869,hezdgmjwhage,8156,3446
2870,hezdgmjwg4ge,8156,3446
2871,hezdgmjwgyge,8156,3446
2872,hezdgmjwguge,8156,3446
2873,hezdgmjwgqge,8156,3446
2874,hezdgmjwgige,8156,3446
2875,hezdgmjwgege,8156,3446
2876,hezdgmjvg4ge,8156,3446
2877,hezdgmjvgyge,8156,3446
2878,hezdgmjvgqge,8156,3446
2879,hezdgmjvgmge,8156,3446
2880,hezdgmjvgege,8156,3446
2881,hezdgmjug4ge,8156,3446
2882,hezdgmjugyge,8156,3446
2883,hezdgmjuguge,8156,3534
2884,hezdgmjugige,8156,3446
2885,hezdgmjthege,8156,3446
2886,hezdgmjtg4ge,8156,3446
2887,hezdgmjtgyge,8156,3446
2888,hezdgmjtgqge,8156,3446
2889,hezdgmjtgage,8156,3446
2890,hezdgmjshege,8156,3454
2891,hezdgmjsg4ge,8156,3446
2892,hezdgmjsgqge,8156,3446
2893,hezdgmjsgmge,8156,3446
2894,hezdgmjsgage,8156,3446
2895,hezdgmjrhege,8156,3446
2896,hezdgmjrg4ge,8156,3446
2897,hezdgmjrgige,8156,3446
2898,hezdgmjrgege,8156,3454
2899,hezdgmjrgage,8156,3446
2900,hezdgmjqg4ge,8156,3446
2901,hezdgmjqgyge,8156,3446
2902,hezdgmjqguge,8156,3446
2903,hezdgmjqgmge,8156,3446
2904,hezdgmjqgige,8156,3446
2905,hezdgmjqgege,8156,3446
2906,hezdgmjqgage,8156,3446
2907,hezdgmbzg4ge,8156,3446
2908,hezdgmbzgyge,8156,3446
2909,hezdgmbzgqge,8156,3446
2910,hezdgmbzgmge,8156,3446
2911,hezdgmbzgige,8156,3446
2912,hezdgmbyhege,8156,3638
2913,hezdgmbyg4ge,8156,3446
2914,hezdgmbygyge,8156,3446
2915,hezdgmbygmge,8156,3446
2916,hezdgmbygige,8156,3446
2917,hezdgmbygage,8156,3446
2918,hezdgmbxg4ge,8156,3614
2919,hezdgmbxgyge,8156,3446
2920,hezdgmbxguge,8156,3446
2921,hezdgmbxgqge,8156,3446
2922,hezdgmbxgmge,8156,3446
2923,hezdgmbxgege,8156,3446
2924,hezdgmbwhege,8156,3454
2925,hezdgmbwhage,8156,3446
2926,hezdgmbwg4ge,8156,3446
2927,hezdgmbwgqge,8156,3446
2928,hezdgmbwgmge,8156,3446
2929,hezdgmbwgige,8156,3446
2930,hezdgmbwgege,8156,3446
2931,hezdgmbvhage,8156,3446
2932,hezdgmbvgyge,8156,3446
2933,hezdgmbvguge,8156,3446
2934,hezdgmbvgege,8156,3446
2935,hezdgmbvgage,8156,3446
2936,hezdgmbuhege,8156,3446
2937,hezdgmbuhage,8156,3446
2938,hezdgmbug4ge,8156,3446
2939,hezdgmbuguge,8156,3446
2940,hezdgmbugqge,8156,3446
2941,hezdgmbthage,8156,3446
2942,hezdgmbtguge,8156,3446
2943,hezdgmbsgage,8156,3446
2944,hezdgmbrhage,8156,3446
2945,hezdgmbrg4ge,8156,4046
2946,hezdgmbrgyge,8156,3446
2947,hezdgmbrguge,8156,3446
2948,hezdgmbqhage,8156,3446
2949,hezdgmbqgyge,8156,3446
2950,hezdgmbqguge,8156,3446
2951,hezdgmbqgqge,8156,3446
2952,hezdgmbqgmge,8156,3446
2953,hezdgmbqgege,8156,3446
2954,hezdeojzhege,8156,3446
2955,hezdeojzhage,8156,3446
2956,hezdeojzgqge,8156,3446
2957,hezdeojzgege,8156,3446
2958,hezdeojyhage,8156,3446
2959,hezdeojygyge,8156,3446
2960,hezdeojygmge,8156,3446
2961,hezdeojygege,8156,3446
2962,hezdeojygage,8156,3446
2963,hezdeojxhege,8156,3446
2964,hezdeojxhage,8156,3446
2965,hezdeojxg4ge,8156,3446
2966,hezdeojwhege,8156,3446
2967,hezdeojwgqge,8156,3446
2968,hezdeojwgige,8156,3446
2969,hezdeojvhege,8156,3446
2970,hezdeojvg4ge,8156,3446
2971,hezdeojvgyge,8156,3446
2972,hezdeojuhege,8156,3446
2973,hezdeojuguge,8156,3446
2974,hezdeojugmge,8156,3446
2975,hezdeojugige,8156,3446
2976,hezdeojugege,8156,3446
2977,hezdeojugage,8156,3446
2978,hezdeojtg4ge,8156,3446
2979,hezdeojtgyge,8156,3446
2980,hezdeojtguge,8156,3638
2981,hezdeojtgqge,8156,3446
2982,hezdeojtgige,8156,3446
2983,hezdeojtgage,8156,3446
2984,hezdeojsg4ge,8156,3446
2985,hezdeojsgyge,8156,3446
2986,hezdeojsguge,8156,3446
2987,hezdeojsgqge,8156,3590
2988,hezdeojsgmge,8156,3446
2989,hezdeojsgige,8156,3446
2990,hezdeojsgage,8156,3446
2991,hezdeojrg4ge,8156,3446
2992,hezdeojrgyge,8156,3446
2993,hezdeojrgige,8156,3574
2994,hezdeojrgage,8156,3446
2995,hezdeojqgqge,8156,3446
2996,hezdeojqgege,8156,3446
2997,hezdeobzhage,8156,3446
2998,hezdeobzgqge,8156,3446
2999,hezdeobyhege,8156,3446
3000,hezdeobyguge,8156,3446
