Address,Quantity,Percentage
0xa30d8157911ef23c46c0eb71889efe6a648a41f7,1865808695,93.29%
0xab414ac271b49502e760bb31677997ef37dfbe7a,60000000,3.00%
0x433f49d350481e6f275d0ce8d5f494e7ce84d2a7,38900000,1.95%
0xb23bd06b724f96bd58f555914a14b30d14f8f673,6000001,0.30%
0x733cb348ab4431b5de7d212a7c6605ff0c0a6745,3600000,0.18%
0x2655df3c112be408a18320e662403dfd1170a0b0,2376156.891,0.12%
0xdba009100b073b238a065d2e7159f872ae85bcf7,2000000,0.10%
0xb0cf943cf94e7b6a2657d15af41c5e06c2bfea3d,1832568.99,0.09%
0xbf96bcbb66405eb7a720db3fc6767d49ed1e0b6b,1068493,0.05%
0x4648c5220c7f441da2c2dcac7aad3a57d4447067,1012345,0.05%
0xeca935f795af72529d61b02113b60c19c5f4fdd7,1000000,0.05%
0xf00c6a95c1cab713ebe4d4cf9a57593b67cca8f7,900010,0.05%
0xd81ec884e0e36124418ec3bc3bff3b3cccdfd181,833138.028,0.04%
0x5796485751df0f27e00cbe56834f2c977953968e,500000.1128,0.03%
0x7564c8c5e022b3f3443776bbc208257a7df9d76b,500000,0.03%
0xd67c1875c2283b58c0034dce2d4dacbb7005f9a1,500000,0.03%
0xc7f5e79f9dba71af2d65be4912ee7afdf0ee11ff,439371.089,0.02%
0x74be0de3837d985f0417e1ee6f07980bedcc01a0,425000,0.02%
0x0d39b9ef02152d391a8e9d9fca4586a59b5a8b0d,400000,0.02%
0xbc0beb94320ac3717ab10579c415eaff00a7a9b8,400000,0.02%
0x9341a0fb4b9fd028871f4ea2ba9fd5fb599396c2,392880,0.02%
0x7e5f7d2ccac92bf450b1e7ae8ff8ce6311a4fd0e,310000,0.02%
0x4cf9faf73714b65b98557c822b6b514dfda0e339,307100,0.02%
0x8368f7331563860b8cedb05ddde2aeb52c1389c6,300000,0.02%
0xe6bfcef1b8686de4dae0d9201c5e4e8ad013077d,285000,0.01%
0xbeee36c800d788a58952b515f84898ec43b170e1,220000,0.01%
0x6d1dbcf1e1f694e5490b796fa36d5f327893e1eb,201000,0.01%
0x0b7f68b2179b0fce7aa9ed2cfdd36248eaa53de4,201000,0.01%
0x5150b62fafffbb1b0740ece5f230cf802bd4ca64,200950.1416,0.01%
0x92ce6a4f5ee67fd357f609f9b026012d02df450e,200000,0.01%
0xdd484a013861916732334031273fa9ff93db1453,200000,0.01%
0x39314d0f444b174e6494e3bd300785e6d43bb0e9,200000,0.01%
0xdaa7f5ca564f64d0c3fc28da6ff48bf6843e1cc5,196000,0.01%
0xf6bbc05580b5348ef5ac601c6aa051d60659d9a6,180475.1315,0.01%
0x7611e5a323e87961938375cf322dc1e92b09e9cb,165000,0.01%
0xced6f657a529daa2b3ca2c72d19772c8f0d4d117,160000,0.01%
0xfdbddaffc3f4791317e88495978f1bca5bfc20a9,150000,0.01%
0x7b9a0e3f183a71d0e540bd6a8f04d132216c6b9a,150000,0.01%
0xa94883ed47f210af5205b7c54407e4b1752b1ed3,141700,0.01%
0xb24ca5495eafc3e7419d25bf819fe85bfd7a5280,140000,0.01%
0x0eb2b43fe32e1873e112b8c7b8f1fbd06f3c7d7f,126654,0.01%
0x8110adbde2d5abe83c7a8c978e382560702fce4a,122400,0.01%
0xcda5683c196c615c4f50591d3cec6495a5946418,120000,0.01%
0xf01f514c958074776cfdeed17409a0842cf2ce43,120000,0.01%
0xfc138a7c33085ac006e2a4b2423c0724c97053b3,110000,0.01%
0x6b022e4a9973dea689166c547baee003e5e00907,107476.416,0.01%
0xa3592424f97a2d9c62ef81ac0a6935a9aca5ac7c,100100,0.01%
0x6be3762f0681c125d106e1c2a59df838b6f2e0de,100006,0.01%
0x16cfdc13ed1173bda92ac0542e092852b4a055e7,100000,0.01%
0x7d18e6a3ef189af52efc7e0d9ecce91bcc8e38b6,100000,0.01%
0xc56519558873b528db5ca458671aab1abae112c5,100000,0.01%
0xa8e7c46fb6a05776fb25ee299e5ffb18e7ce5aed,100000,0.01%
0x298361909fa3db16ecd6e9b8c3163391db167cbe,100000,0.01%
0x381145bc50af4089ed1f822b040de4cf3a2116e3,100000,0.01%
0x392a3eee9a7b5cdf85e9e10a041ba63ba5aa1966,100000,0.01%
0xe05e374bf18ec89c3430d12675b33ae0f9b09560,100000,0.01%
0xab72634cc98d1d6feabf32d47af3c5ba30ab3b61,100000,0.01%
0xdca44528ff5a75ab45c5820bb343a1c5678aa1c7,100000,0.01%
0xb52e809e0a0eec2baec5901e41d852e2ac7bca37,100000,0.01%
0xbe772a36c254fd6457be75c1e560bff8ea992226,99000,0.01%
0x224d2e5d58776493100594e65e96348e1d4b6197,89580,0.00%
0x904dca76e1c56912ebe616d208c555be35a830b4,80000,0.00%
0x4e83821cbef331b4e48d54d23cb35da252f0dbb7,80000,0.00%
0x20658e799e3fcc1a860e9355e434e2bf87d4208a,80000,0.00%
0x95a87108287cabe26ac4546c0a2f80967e7a29b6,80000,0.00%
0x4d77139d42facac9888a45cdfce2f7c42677ab12,80000,0.00%
0xcaf2019825a3e2b7edd2d4825b2b33e968b3784c,79900,0.00%
0xe9587a840595dfafd99a96ff1dcc552ebdf26008,62376,0.00%
0x0030bca919bd41e538351e1466be5c80096dab30,60000,0.00%
0x1fe4de7273d6f92fd18ff545141473b920e357b6,60000,0.00%
0x492b0641d3197e2c9de6f179462106a21c9d8739,60000,0.00%
0xc9c766d419e61b169b90c6307b1afa6019e2a6d3,60000,0.00%
0x29a2a7a43ba41b77de0179ac7209e4a6f43522d5,60000,0.00%
0x783bebbbe18d5f7d77b68996d5b20a50e9739043,60000,0.00%
0xfb9b5f68974d3d735e5df959089c718c5c484dd9,60000,0.00%
0x1bf8e2cb3fce06948db70b3c27c4abc5c00b6d3b,60000,0.00%
0x883f89c5772b4273004248d18bd6d614dbcc1684,60000,0.00%
0x6ee827e187be7df1d5900dd55eea670b13ccf2d9,60000,0.00%
0x120ae23dab88fe7fa128cecde0550fe007647495,60000,0.00%
0xb2fec3721551ec3d229eb21eb9c35d4cd6ac21b7,59992,0.00%
0xc5db52d965fed90b0392aa1b3c22fecc51f879cb,57000,0.00%
0x9cf8a5bd21e3914b51ae2a5ee41fd912ca98a52f,57000,0.00%
0x2001d69ae4c8dcd5d5d43e3fc8fe363b4e4e09b6,56943,0.00%
0xeeed544fd6fff5f439038666291cc5edcc0a5e1d,51480,0.00%
0xba4926c75400b8d1f133a004d6fd3ed6b6f3c608,51118.59,0.00%
0xc5e781009cfb920646c83052ac8aee6e315f9b70,50000,0.00%
0x19509c477db166d492d0205f852f53f8dab1c86f,47400,0.00%
0xd46a1a53a90d9279b965ef717fdedf67fcb92417,44000,0.00%
0x5c68b88dfc8b6932e6eca76ff6bd5274924aef1f,40020,0.00%
0x16eec224f86e5951c8005a8fba18e4c5bd843aca,40000,0.00%
0xcefc52073d98c549cfb708b0cb431fc1325d7bf4,40000,0.00%
0x23540b7f4ff0a48dd197a935dda730e0fab6572d,40000,0.00%
0x11f7edb5997bf8a11f13dd2d5ffb0d971aca8717,40000,0.00%
0xdd44b380ae76016c8a9f30acf65313c9bf21a366,40000,0.00%
0x4779b728b1d445b848fed8e0ee9529242c046a5d,40000,0.00%
0x5385c8f4337422e474896b1801aa7ffd241b1eba,40000,0.00%
0xc6c8022eaac4713eb00150700ec1399522e65fcf,40000,0.00%
0x98b2ab8709209746beba2cdac5f4bb4ba380410c,40000,0.00%
0x2ea49c94cc8c5b1dba7f040f46e224583b38ebaf,40000,0.00%
0xba70b01ee4d55298b025265e32c65e5479d51527,40000,0.00%
0xbdee76356f9cb0a9735eef234583fff4eb0e977d,40000,0.00%
0x262a80b941c04b865197eb91fd1960702a87a1cc,40000,0.00%
0xb218b65e1707e38bddd19dc67bbfe1fbd0b04bfa,40000,0.00%
0x380db8788479b15e00b1a574e44dc6e50e44c037,40000,0.00%
0x686d81f58282a7b2b7390c0a656825a220e36b51,40000,0.00%
0x933c7ba14ea2f4bef0b0d3dae3f1737a182dcb1e,39995,0.00%
0x9435bb67e8e22ff0d713ea3072942441f6db2c9a,39900,0.00%
0x39889adb33d215fac97958f844dae0b6515bd368,39900,0.00%
0xe771e4ef5b02cbe147638649e464eade94daca28,39309,0.00%
0xfbbb4732a5ccb576bde4a9ffd13e4427e94d50d2,38000,0.00%
0xe284cdff16fdabbe92641e50226c3e4311136fec,38000,0.00%
0x21e7dc2eb03ae57f1d81f2cb566c7780d11c7daf,38000,0.00%
0x10039757607f1f82b87d9c8e45add131fa4c0199,36000,0.00%
0xac07104abf15090801365ffa57991517740d4da9,32534.433,0.00%
0xce982a0b86b350708d6e57f7d2e15bc0cfda6754,30010,0.00%
0x8896b27df8699dba8646961a2c800cd15301cb21,30000,0.00%
0x2abf8bb7037cd95c4a7779a584a63b92ad0575dd,30000,0.00%
0xed658e3b45db06fca9f5cd59ad0b9ae52dfd5e06,29995,0.00%
0xf9a80947020987dbaa8b953f88002e16c35f4af4,29500,0.00%
0x8d76ea7c31e3e7aac38747c2758bd5fa183b8648,25010,0.00%
0x740e38d5fbef9a8467edf1290c2680fa62d11424,25000,0.00%
0x389efa6b5e70b3c49dac5c3dd52483dc9a651131,24590,0.00%
0x57dcc6d0f4a2ab3e8ae19b68b573fa60f9bf30cd,24368.89661,0.00%
0x803aec93f61533b66e8f45a6d0f0e616694d4743,24238.52005,0.00%
0x88c1ce235f5a516dd00ba4956f7b4323ad910df8,24000,0.00%
0xadea72174e60184486bb267a942fd750a350c059,20996.982,0.00%
0x8bc275975e7ef7dafe8378d52188274aac29b624,20004,0.00%
0x3e7722c7ff2e8efdce452bdac9c73c14bd99e3d5,20000,0.00%
0xc9f99bcc5fe0a5a11e27fd3db07ee1e3034ec63d,20000,0.00%
0x85b9dd0c9aea26de9849f99b18baa0fe6516e070,20000,0.00%
0x0c1c5d2b1838729dbca26708859449b425fc6668,20000,0.00%
0x7a1945b2688add451e7655ab3cb834f2572c6d4c,20000,0.00%
0xb33bcdab7064c9d5c01a3ea8a524072b1a3085c5,20000,0.00%
0xa78bac90b7e35bdb0e7362149f70606185dfa361,20000,0.00%
0xaf2908c5d67c28c595948ea5c1cd03d426f84870,20000,0.00%
0x867881328eb8564257493ce98ca75759032b06aa,20000,0.00%
0xf98357e86c7f7072cf929578517d7ce92a092008,20000,0.00%
0x5612beabd2952a4d88f545fa6f32f34ddad56af8,20000,0.00%
0x942e07bbd192ea05d52ab26ef293524af3ea353d,20000,0.00%
0xad24ef4c8a1a3941d7659a480d324d950f468c8a,20000,0.00%
0x505693b22c10466a54ee1470ccd3c4a6865a2c47,20000,0.00%
0x379d81ee62f9a7e650b34ff53ba9bab63133e34d,20000,0.00%
0x7096b916a8839b9405c6aa5579a8889d50679f56,20000,0.00%
0xffad6b4c5a2d3112da9483f64b30954652d45221,20000,0.00%
0x3b42ff90cf1e8492bd30d4bbe663d153fe90e651,20000,0.00%
0xce77891d466fea0ee37315290c274c476025805e,20000,0.00%
0xf4bb8b67b423f0d0be890f70ab3060c2a592765e,20000,0.00%
0x4b6142e5924de5c3efdf151a99be7a63abf4c454,20000,0.00%
0xeb8f12932c18f72533eb437dc6b79e2131418abd,20000,0.00%
0xf5a524c40c9b264306fe98b924bd7ead405ff82b,19997,0.00%
0x47363beb191c2b54df22265dd487ce0d906fa8db,19995,0.00%
0xcc338046bd237d193ae512231211b1ed78b01f60,19980,0.00%
0xa48442bcbd2c232ab7ef922cbdd6389b97bdf717,19000,0.00%
0x331b3da7f3cce40e8958d6b23256f94ece814c1e,19000,0.00%
0x54de30da29354931e884b19440d6b3e4d0c2ce92,19000,0.00%
0x938afa1702f8b78becab440629a503f8c7b4a79a,19000,0.00%
0xac1e67e64301676b97570f3311111017b0c34869,19000,0.00%
0x4ce155bfd69570b8b07e43131dc246ff38dd2cd9,19000,0.00%
0x81cf47054d9722089fc3779251a1a99cac321f5c,18800,0.00%
0x3788bfe74462263e4331cd746d50a873c247e0be,18422.67551,0.00%
0x140a58776e991bc6bfcf0a8ab4459627c614a771,17540,0.00%
0xafb457a88fdc692979d46e913d27ee0358e2530d,17000,0.00%
0xd2df06e7f174520a7491b64736963adc6772c2b1,16413.57,0.00%
0xb0803a38a71136eaf7f7a78d16bc744affee6c99,16000,0.00%
0x747ff07d02b7761db1ffae151470046e42524a37,16000,0.00%
0x384b7d8682d71f679e885402105896a7d8e4e8ac,16000,0.00%
0x4736d4d5f110651e9a9d62d2ff80c5ea7e886e97,15000,0.00%
0x809be64585a0fae1f45acf4d39ada19b4aeb7829,14729.83,0.00%
0xd4560f54e085ed774cfe8d8bcc78a9587843b008,13693.49777,0.00%
0xa8b3149ee6ec2147cf4e081736cf580d0988862b,13453,0.00%
0xd89306884e5f917d2c50b0af77093722aa4e83d5,13000,0.00%
0x097fd3329bbd8a423a82e81ccc75817a8264d10d,12900,0.00%
0x27dcea9dcf427cb1dcc5c9565fc25963ae1212fb,12305,0.00%
0x55a800c8780feccf4d48cc6061f29f29969a0293,12000,0.00%
0xda00d4bf4f8c04237fadb5ab4a84707d5469a5ae,11722,0.00%
0x85854e8870cb963b3bce9848aab0a65dfdb32967,11499,0.00%
0xdffb0fe56490a97e6155ccab224618e18c3553ae,11037,0.00%
0xc9be34982eb827e475e78ab893b7e04dbce1beb3,11010,0.00%
0xac5f5e3254aa1351f1f9cc57eebf1cfc103cbed2,11000,0.00%
0xfe21074f50772cadb82efad045df6d59d9964c83,11000,0.00%
0xb3bc81d12475d09a833e2ebd0be10690af6298a5,11000,0.00%
0x9c8eb4bc2d9abbe744e21bf6e958b28ffb060f69,10873,0.00%
0x0dca37126b96368ab9199994154c5f552abd5cf0,10860.0425,0.00%
0xd88daa312d7218ae1399000ddfe300f77c472c25,10712,0.00%
0x3aa277aabb6f8779029ac9aae614897687141f3e,10386,0.00%
0x2286e4c6df913cda35f589871c30c5c371f2eaa4,10261,0.00%
0xfc05f427511ed1b8c036a0c839eeb7a6264eae5e,10240,0.00%
0x9e7a61f54d1a737ceaf02a32b7513fe871a2e416,10200,0.00%
0x5656f7562df4d919062100a224ef18f0124be446,10200,0.00%
0x889799261f04097a67d1f595c7ab12a5a1db7319,10175.6461,0.00%
0xbfb9a03783fcb123816e4a65bd7753f95d066c51,10100,0.00%
0xa425192b99898c7f1d8021c9fe14665d9eef4664,10100,0.00%
0x71e9c0a97a58bba9ea5e986aa6f0ca6457227665,10092,0.00%
0xf2e482c0cdeb7f63a2bc44876844f0a367d13536,10050,0.00%
0x04c25a6d57a25d3394bea381ec6532b8f09f986f,10050,0.00%
0x6a95c409fe9820e050d26407216513df39b5e642,10050,0.00%
0x863c3ae8a77a840869dc22809d6b1154216c5074,10045,0.00%
0xeb4c54ab06fd359c89d90b3692807821c85e858c,10033,0.00%
0x048f482ff8524605a31a6451598b882b08c49662,10029,0.00%
0x47b937913cbba545b9c54421c7ec6b33c0e92456,10025,0.00%
0x8abca8a2ccd2de0c546587cbb84d25468b3566db,10020,0.00%
0x31825b3d0a2e18deacb4fccd5b90ec102b5fbe82,10010,0.00%
0xb57490a11ed815d9ac2565c7abe512b27817874c,10010,0.00%
0xec95b2703eabfb97a7456d097c222d18198d8b0a,10007,0.00%
0x45c19bd45d5df0fa43733dadc391d71caf51a741,10001,0.00%
0xd3847a82004461e9de2786228362a93d9b8b61fe,10001,0.00%
0x7f4cdc31b177beccb54ab3d8d6be265c9c54025c,10001,0.00%
0x82a57adfc084367dd8bb4b40ba987d56e7a95fc7,10000,0.00%
0x890018410075fd85cca374e8f6519c8c398b0753,10000,0.00%
0x6d7c9a7eae175cd55889c8ba1e4135d557e7afec,10000,0.00%
0x7d3ca5d2688da1dcf286363ff68678699b962b04,10000,0.00%
0xaec0387c127ae849673bfc619a47fd973179f59c,10000,0.00%
0x19c74316a8e5f7514478045ed97316c326af12ec,10000,0.00%
0x2baa7f32112de992a0437a46707eeba4952e1c7c,10000,0.00%
0x54eadc7dc64d8a77c9fc31569d61d8810abc74fd,10000,0.00%
0x094d6aedfc20f7b8b5a25936ae9d13397a0ab823,10000,0.00%
0xf96c51cac498c8c3ee026b4b4553a70e783917b8,10000,0.00%
0x1c4f6425518a6efa1d662fa69623374ac0744f1e,10000,0.00%
0x45b5a5c52d0530674435ae0a5967420354fe1a61,10000,0.00%
0x8464f8a85a749231695ee3e0264dd0505e16a239,10000,0.00%
0x614c9a4ab0bb29d137541e526812b269d4861e0b,10000,0.00%
0xadc8f22d07f3c39fadca43470da5b06a2143594b,10000,0.00%
0x825d53ed36f5f2f683376f12cd592dc56508bff3,10000,0.00%
0xbc39bc931036be317cb1266b8c53a4fadd20d020,10000,0.00%
0xd85ada50b4ed6cfbac1695b3482496ea098662f0,10000,0.00%
0x9102e7293ad5afa39e4edd28f68d42a191a905fd,10000,0.00%
0xf30b335b3fdc5dfc984faba69fd4033d52d988bc,10000,0.00%
0x1e6f2d25e9dc0a6a3b52690c34cd4cf561e45957,10000,0.00%
0x22e13ffbd980f4d4457e8a0adeb48ae822e0ee30,10000,0.00%
0x0c04ad666def3366a38e06d2828d72f45635e0ef,10000,0.00%
0x7ae0d380f4af6031bc82de81296bec9e28adfc14,10000,0.00%
0xb8a9be50daee0dff68780d1e193c28b3ae1a3ac6,10000,0.00%
0x59e4f11ece46d9213cd9af14ad87cf4ac3892ecd,10000,0.00%
0x9715c105e07757d549df6ce0060fc25539dd2980,10000,0.00%
0x46b59cfa1140fe29f91efa5e6c5c896545625360,10000,0.00%
0x0dcfd79354ac0cdf21fa1057bf7c3e0841bfbda9,10000,0.00%
0xdd48ade1a30af53591e2c3a01f32e09b99824fc4,10000,0.00%
0x27f496450ea7fe792f382a2820c4a097d56caac8,10000,0.00%
0x4ba15a29db18dcaa1f8e63f6742518fd997b0f7c,10000,0.00%
0x4f0a36af7f0c9da5f9e8bb1fa0b6a7fdb346c3c9,10000,0.00%
0xc5eaafcbe2d4a5216216e0905101588ff59e7692,10000,0.00%
0x68c519c9d51ad7b93aa0054234b319290d07f70a,10000,0.00%
0x27ea4ef1236f606c7f01665ded948bd18364fa51,10000,0.00%
0x2c7aa1c4008636686981fbff4fd1400f29cb2054,10000,0.00%
0x88a439229013927b272a6ced3079b86c9477bca7,10000,0.00%
0x647bbd455f7c781709fb87f7afec0baa5d0357d8,10000,0.00%
0x42b866f5fe13126de20de81868ae0d2f849b38d2,10000,0.00%
0xc25b840a0c255b4d300301e96b3e44289b36e5a5,10000,0.00%
0xf18c200bfd1fb653583c9d08e42174ba2e1666e2,10000,0.00%
0x822c46ac679daefcf0469fd8db510cc4301173c8,10000,0.00%
0x25feedf61c1947526b9321222d82418c43c5cc43,10000,0.00%
0xce1a43bc496dbbd7b429ab2515156fc9cf04feb9,10000,0.00%
0xa4001e97b0d83099a67e461e823816ed7471959f,9987,0.00%
0xc2f0a2f939673e827e2aaa1ec3d22ac4827209cf,9900,0.00%
0x436594887f386ac7ea656465bb1ffbc651cf16fe,9900,0.00%
0xf32350e47aa7d67455284ff4cba9947b39ee5376,9500,0.00%
0x933d1c07296b9d216c9fa156eaa79cf6e1af1a9a,9500,0.00%
0xd40a10e0414557d406cd9a4671b3cf4ec5a8829d,9400,0.00%
0x177b0af2b8fa50466941f28bfb2ff52e7f765658,8000,0.00%
0x424849764323d93160e35d5971d70d0ed11a84c5,8000,0.00%
0xdef092bca8d9e093ead79c967b11d5ca7b0f7a4a,8000,0.00%
0x17dbe53797efc37e68466965240557dc062de6ef,8000,0.00%
0x17a58f22149af11a8eb7fe0b38770834be2e1b67,8000,0.00%
0xf87ead6d930b89f0b67a2b61d9749a11d44a79f6,8000,0.00%
0x3133b409b13c01bda1bad57cb029e09efd5c43b2,7649.3661,0.00%
0x954e23344fe476101736e2c3dc39803cd6cf1676,7000,0.00%
0x4e33f7bcb9267796eacda586cc25642114beef4d,6650,0.00%
0xfe93d26ecf455add8c7c37b550eeb0cba4bb6b21,6323,0.00%
0x911de9d5774cb459eda2e0b5cd77175d6e120396,6000,0.00%
0xf6148ec9cdefb4cb0d8b0f2c7a3265c1c962a8c9,6000,0.00%
0x650f535159a051210cf2767182690678196d1f3b,6000,0.00%
0xa8c7d3fd6a70edca25967aaa708c56959998c62a,5851,0.00%
0xab8ba38a120d69f625b8f12003d5b29983ead5f5,5800,0.00%
0x3b3fdf294a83049a7e8b35cace4b42c977513650,5700,0.00%
0x6369424df3459e92dbb1c68288c758a371756c5c,5000,0.00%
0x17a8317bae7f3c7128d1473b77aebd9d404fb8ba,5000,0.00%
0xa4832f806bf1a050840dd63f46f5c7ad9f1c1d1c,5000,0.00%
0x6bb7a30c9774beb5deff6bf58a4b65cedf184fa8,5000,0.00%
0xd2e88d28feb93543dd05999b95318736eb9666fb,5000,0.00%
0x2c13a82cf4b9f0b3fa6706969a8b5d7029baaa37,5000,0.00%
0x95dce024706ae5227d13998cba601627dbd87df8,5000,0.00%
0x938a5b7d56fdbae11d5d2a4ee56f2b8351ec00ba,4584.365,0.00%
0x9498846de9eb7e73dd1180005c11929747141a3b,4291.42,0.00%
0xb9b26126a6244bb5de75c559439d0e480c95126a,4276,0.00%
0x5b7ad4301ba4a6c6059ed40bb138a7879db7c9d0,4070,0.00%
0x872eca959501cd464faf999099133eff33962ce1,4000,0.00%
0x91bf06bcb12d134db616cbd96a47852cc65aa4c3,4000,0.00%
0x2a83243d3e8ec4483050ed817aa555b1e3d3d6ad,4000,0.00%
0x6aff2c16cc06302e562320a24f4a483b206dc6ec,4000,0.00%
0x8c613046da72e5f6f0c00ed72a4fa0120c122d04,3800,0.00%
0xb0893b74be24c88e555d860862933c8c7577881c,3794,0.00%
0x51ce2f18e917e0ab9bb0cc4d52ed2dd801ae7ed3,3690,0.00%
0x47f80bc4b915632e7bd6fce7e0adf5568d0246bc,3400,0.00%
0x0ffbfbedd21f05010b09d525326f23e8af730bca,3367,0.00%
0x4c1a5e529c0956c864915fe4f143c4f2663ed39b,3320,0.00%
0xe25a404d3cd8be67256e6ef1c6edaab2d4d9768b,3200,0.00%
0x4a2ddfbcfed329151697afcc074e2afdce8eb80f,3000,0.00%
0xe8966f125583c5a24395addf67f88e5af01301e0,3000,0.00%
0xa852e29403d7712cf2f7964f3004f3fdc2b7fca6,2821,0.00%
0x46218aedff3d816c6efb2ce7f4d4868f9d0b07d7,2560,0.00%
0xccb45aa41ae274c132cce30ff24975674e010e04,2260.3561,0.00%
0x7ed424d52bf6feb481a3fe5dd708578410bc139a,2000.284,0.00%
0x13e1a82bde1901cb3d71407bfb3893c5343e8b04,2000,0.00%
0x32da172a65aa2090a2d10b1a7ccad8139f4ee9f0,2000,0.00%
0x2df0aa9c0410e94d979c6e167537616160f1f7ad,2000,0.00%
0x5a87ebcbde1bf02745ef812b7163089bdc9d9102,2000,0.00%
0x8c885c2ca1d67b004e676bed6b34352239031438,2000,0.00%
0x277c3f392e21577c3fdf90dc783efb9399e35164,2000,0.00%
0x55d2bbf0111cf8d42a07782d3f6bae5a7babb8f2,2000,0.00%
0x899dff21c87c7fa8a2dfe82b42be532d95e0c128,1570,0.00%
0xb65c10c97d74fc9b81c4e070c01cc296f0190434,1515.7,0.00%
0x7fb7f3515dc08e41d2c6f5b402a308e749a4dea0,1394,0.00%
0x89f7a715f0a72fd7f1e0da48f65ceb7a49a6d62b,1314,0.00%
0x16419646ab077ee88b83fd34628cd359e5c2f851,1301.908,0.00%
0x7ded0399fdb0de3aab54eaf64048ddca2cce252a,1200,0.00%
0x06bbdb8674f719f6773f0f3a34f961453c6ac02b,1068,0.00%
0xc0fccd2a177f2da24dfa2be42b840ba63bda3447,1047.951,0.00%
0xe17ce7584ef80d57a9b10398d565d12d84b9a1aa,1000,0.00%
0xceafc60bb6f28c9d1751051c23140031bbd59688,1000,0.00%
0x1a1f6d6107688c7bd52c784f659dbafbb5fbc5cb,1000,0.00%
0x669dd7eccd34bf4fd89b83d4239a57021627ad48,1000,0.00%
0xadc680284009191173658be7d07abaeebd442be7,1000,0.00%
0xcaf16afe8b8f7845889b5fcbd3481e9345b00cbe,1000,0.00%
0x7276cbb4a55370c9db9a914ba639beaa61996a92,1000,0.00%
0xeca345f87f5598ec34775f4670c9794831e5ce37,919.68,0.00%
0xdb3460cfb79219decf670ccb752d91aef43884b4,900,0.00%
0x348d95f4d0b522def863facd44964f2f5b1543de,727,0.00%
0x6345141e7ae54dcf6651fb1a5ba2e5f0cc3fc5d5,646,0.00%
0xec5f5c2bcf2ee55d8059ff0a5c3635907785a437,600,0.00%
0xbb5a8d79f5d4a00476c4c022ee74969f30ac9a64,578.4,0.00%
0xb982d02f3e461dae0077b9c098cada287a7baa07,535,0.00%
0xdca910069a33b2bec07888c2ed19bb8e174a6588,523,0.00%
0xb9dc62a660050024b6c6120f45593c067a06a615,500,0.00%
0x49bafcf2b2cf9c30a1b18ef283d11c07177461ac,500,0.00%
0x3c06fefeed3e8756f070d9809f423ab27ab4b0b3,500,0.00%
0xc29c26addf8f949b1781fa0b6e905f17edfdc6d5,500,0.00%
0xddb5e4c642cfee28abb17d5e5e46f3b7cf9fba9d,500,0.00%
0xfe3d57382b7d5007dc883257f520e9a9c1537097,440,0.00%
0x2d93b2950dee911c7608cb3fe3d6d6712bac2ab9,420,0.00%
0xa768f032eb7d808a50ae4d0cd9465adacb18430d,286,0.00%
0xa0efef679e2737efb3ae2320547063f4fea997a9,250,0.00%
0x5dfd75ab74bb5872a35cd4b52f75400bdfee80e2,221,0.00%
0xa604364a03621d82c9bde787f4a66d5889ba3858,200,0.00%
0x851e931a6cabbdd5b17d0da2cd4b0edf11941968,162,0.00%
0x76f7b3dfe9dc0c8893fc085a9c9c496fa305b999,137.46737,0.00%
0xf35858d1708cb378261bfa0d8cedd5f2cea539b7,112.3875,0.00%
0x9917b28275b126f1f9b20196b9cff419de8359a9,100,0.00%
0x9add8c567e300e1b4c93cd79f6ea4218d6fd1731,100,0.00%
0x151a559186996954bb7c56e04351c4738cde10f9,100,0.00%
0xdc92d8e935793ec9d8a80c6d581fae83653537a9,100,0.00%
0xe16138ff66076802d03d125730735a0c44360d69,100,0.00%
0xe1afccf86ab73cb75b87f12017853478fdf6c968,100,0.00%
0xaced761a04a823eb8f2984cb737789201b22cac5,100,0.00%
0xaf41709526c4a045c38757152b6d1d8608ad82d8,100,0.00%
0x75e8e3fdc9d80e2d105a9c8054e2c7150bdfb2e5,100,0.00%
0x56c8cd055a9b43665efdc7b27664ce643d735255,100,0.00%
0xf258f7d8908a7571202cc004633e4c9a0629f4ee,99.9,0.00%
0x572907f4a6e53fef2d554d81fdf4204af3178277,99.9,0.00%
0x2ab9634db28730357d6914ef28e421e1a2acaef0,99,0.00%
0xc73d31baad590a0fb606d8978b21609ba083d5b6,91,0.00%
0x3427db1d1a74d41751ab991c476533712e27dc0d,80.919,0.00%
0x73546ec75ca38447ace97c6285138ef47a2f2137,80,0.00%
0x97d4c0797c228d12203b38d97bf4bb2ed59e1335,78,0.00%
0x76346d0a20be8b77974a1eec80d7975a7897d0d9,70,0.00%
0x6b8316555f8d03601d77c4c2ebd2b398433dfc54,62,0.00%
0x3986e87b7045fbd76f691785ebeaf4b1215b44e3,58,0.00%
0xbda7fdbcf2c861c5e1e95f628e13c7c80adc9cb4,50,0.00%
0xbc297715bd19c893a90802aa92bb16f333bca32d,50,0.00%
0x5ca2ff15a8bc564ee9d49f6753f1ef04b7d09550,49,0.00%
0xd0fdd6f5c91b839759e7d38781143df28f1397a2,31.7331,0.00%
0x98a2529b3bf0b97b49ab5a94f5702532f4c96741,21,0.00%
0x6ec4d33f3d31c94cfb74a6ae887e3ddf6dc18982,20,0.00%
0x9ca60b554a59bdbb72ab8c43e87429018c05dce6,16,0.00%
0x317cb3750b33516442b0a12ca69cebc91cc7a048,10,0.00%
0x44f21f03e45b81f69670857780001df672b8f514,10,0.00%
0x8078a5bdd8991767e4bcff4f0e08c550fbac2376,10,0.00%
0xd8a74e1a4398f6964bd5f55b6456cf9ce315cb6b,10,0.00%
0x609d9212636475194570bbed8048c7f738f9f048,8,0.00%
0xa557bd339bc8ca26dbf902e568834bc7b840565d,5,0.00%
0xde7677d2a4802a80a7f23d786aec848773be1167,5,0.00%
0x801791949f105fcc78ebd96eefc424f4025533fe,5,0.00%
0x7156b00968ffe24290361a0772eae6dc2418c82b,1,0.00%
0x80534bfa14c2536d6b8e9137c316a149d8e6550b,1,0.00%
0xa8a9a4c2012d713507724c66d932409aadb6fa88,1,0.00%
0x17bc58b788808dab201a9a90817ff3c168bf3d61,1,0.00%
0xc4ef6fe41de624a6762ff14accafaa0e59dc3bc2,1,0.00%
0xc6c3f62de61a467075910671f5c3492d274b04db,0.01,0.00%
